lemma,manual_lemma,unique_candidates,pos,lemma_freq,base_freq,true_lemma,true_base,query_by_hand,query_pos,merge,sfx,cql
Drittlieferant,,drittlieferieren,VVINF,1,0,1,,drittliefern,VVINF,Lieferant,-ant,"[lemma=""drittliefern"" & tag=""VVINF""] within <s/>"
Unterlieferant,,unterlieferieren,VVINF,32,0,1,,unterliefern,VVINF,Lieferant,-ant,"[lemma=""unterliefern"" & tag=""VVINF""] within <s/>"
Vorlieferant,,vorlieferieren,VVINF,142,0,1,,vorliefern,VVINF,Lieferant,-ant,"[lemma=""vorliefern"" & tag=""VVINF""] within <s/>"
Schwarzwaldmusikant,,schwarzwaldmusikieren,VVINF,0,0,1,,schwarzwaldmusizieren,VVINF,Musikant,-ant,"[lemma=""schwarzwaldmusizieren"" & tag=""VVINF""] within <s/>"
Stadtmusikant,,stadtmusikieren,VVINF,228,0,1,,stadtmusizieren,VVINF,Musikant,-ant,"[lemma=""stadtmusizieren"" & tag=""VVINF""] within <s/>"
Strassenmusikant,,strassenmusikieren,VVINF,5,0,1,,strassenmusizieren,VVINF,Musikant,-ant,"[lemma=""strassenmusizieren"" & tag=""VVINF""] within <s/>"
Vormusikant,,vormusikieren,VVINF,0,0,1,,vormusizieren,VVINF,Musikant,-ant,"[lemma=""vormusizieren"" & tag=""VVINF""] within <s/>"
Applikant,,applikieren,VVINF,3,73,1,,applizieren,VVINF,,-ant,"[lemma=""applizieren"" & tag=""VVINF""] within <s/>"
Fabrikant,,fabrikieren,VVINF,567,234,1,,fabrizieren,VVINF,,-ant,"[lemma=""fabrizieren"" & tag=""VVINF""] within <s/>"
Garant,,garieren,VVINF,2737,3953,1,,garantieren,VVINF,,-ant,"[lemma=""garantieren"" & tag=""VVINF""] within <s/>"
Lieferant,,lieferieren,VVINF,7717,10555,1,,liefern,VVINF,,-ant,"[lemma=""liefern"" & tag=""VVINF""] within <s/>"
Musikant,,musikieren,VVINF,918,492,1,,musizieren,VVINF,,-ant,"[lemma=""musizieren"" & tag=""VVINF""] within <s/>"
Praktikant,,praktikieren,VVINF,2837,1314,1,,praktizieren,VVINF,,-ant,"[lemma=""praktizieren"" & tag=""VVINF""] within <s/>"
Qualifikant,,qualifikieren,VVINF,95,2801,1,,qualifizieren,VVINF,,-ant,"[lemma=""qualifizieren"" & tag=""VVINF""] within <s/>"
Signifikanz,,signifikieren,VVINF,306,0,1,,signifizieren,VVINF,,-anz,"[lemma=""signifizieren"" & tag=""VVINF""] within <s/>"
Allokation,,allokieren,VVINF,221,0,1,,allozieren,VVINF,,-ation,"[lemma=""allozieren"" & tag=""VVINF""] within <s/>"
Amplifikation,,amplifikieren,VVINF,46,0,1,,amplifizieren,VVINF,,-ation,"[lemma=""amplifizieren"" & tag=""VVINF""] within <s/>"
Applikation,,applikieren,VVINF,6211,73,1,,applizieren,VVINF,,-ation,"[lemma=""applizieren"" & tag=""VVINF""] within <s/>"
Authentifikation,,authentifikieren,VVINF,58,0,1,,authentifizieren,VVINF,,-ation,"[lemma=""authentifizieren"" & tag=""VVINF""] within <s/>"
Bonifikation,,bonifikieren,VVINF,20,0,1,,bonifizieren,VVINF,,-ation,"[lemma=""bonifizieren"" & tag=""VVINF""] within <s/>"
Denitrifikation,,denitrifikieren,VVINF,60,0,1,,denitrifizieren,VVINF,,-ation,"[lemma=""denitrifizieren"" & tag=""VVINF""] within <s/>"
Dislokation,,dislokieren,VVINF,49,1,1,,dislozieren,VVINF,,-ation,"[lemma=""dislozieren"" & tag=""VVINF""] within <s/>"
Disqualifikation,,disqualifikieren,VVINF,321,113,1,,disqualifizieren,VVINF,,-ation,"[lemma=""disqualifizieren"" & tag=""VVINF""] within <s/>"
Diversifikation,,diversifikieren,VVINF,297,109,1,,diversifizieren,VVINF,,-ation,"[lemma=""diversifizieren"" & tag=""VVINF""] within <s/>"
Domestikation,,domestikieren,VVINF,107,53,1,,domestizieren,VVINF,,-ation,"[lemma=""domestizieren"" & tag=""VVINF""] within <s/>"
Duplikation,,duplikieren,VVINF,32,0,1,,duplizieren,VVINF,,-ation,"[lemma=""duplizieren"" & tag=""VVINF""] within <s/>"
Evokation,,evokieren,VVINF,44,61,1,,evozieren,VVINF,,-ation,"[lemma=""evozieren"" & tag=""VVINF""] within <s/>"
Exkommunikation,,exkommunikieren,VVINF,328,12,1,,exkommunizieren,VVINF,,-ation,"[lemma=""exkommunizieren"" & tag=""VVINF""] within <s/>"
Explikation,,explikieren,VVINF,67,38,1,,explizieren,VVINF,,-ation,"[lemma=""explizieren"" & tag=""VVINF""] within <s/>"
Fabrikation,,fabrikieren,VVINF,249,234,1,,fabrizieren,VVINF,,-ation,"[lemma=""fabrizieren"" & tag=""VVINF""] within <s/>"
Falsifikation,,falsifikieren,VVINF,97,81,1,,falsifizieren,VVINF,,-ation,"[lemma=""falsifizieren"" & tag=""VVINF""] within <s/>"
Gratifikation,,gratifikieren,VVINF,186,0,1,,gratifizieren,VVINF,,-ation,"[lemma=""gratifizieren"" & tag=""VVINF""] within <s/>"
Identifikation,,identifikieren,VVINF,3797,6414,1,,identifizieren,VVINF,,-ation,"[lemma=""identifizieren"" & tag=""VVINF""] within <s/>"
Implikation,,implikieren,VVINF,1090,153,1,,implizieren,VVINF,,-ation,"[lemma=""implizieren"" & tag=""VVINF""] within <s/>"
Indikation,,indikieren,VVINF,2313,139,1,,indizieren,VVINF,,-ation,"[lemma=""indizieren"" & tag=""VVINF""] within <s/>"
Intoxikation,,intoxikieren,VVINF,104,0,1,,intoxizieren,VVINF,,-ation,"[lemma=""intoxizieren"" & tag=""VVINF""] within <s/>"
Klassifikation,,klassifikieren,VVINF,1120,392,1,,klassifizieren,VVINF,,-ation,"[lemma=""klassifizieren"" & tag=""VVINF""] within <s/>"
Kodifikation,,kodifikieren,VVINF,51,12,1,,kodifizieren,VVINF,,-ation,"[lemma=""kodifizieren"" & tag=""VVINF""] within <s/>"
Koedukation,,koedukieren,VVINF,78,0,1,,koeduzieren,VVINF,,-ation,"[lemma=""koeduzieren"" & tag=""VVINF""] within <s/>"
Kommunikation,,kommunikieren,VVINF,32447,4530,1,,kommunizieren,VVINF,,-ation,"[lemma=""kommunizieren"" & tag=""VVINF""] within <s/>"
Komplikation,,komplikieren,VVINF,3958,56,1,,komplizieren,VVINF,,-ation,"[lemma=""komplizieren"" & tag=""VVINF""] within <s/>"
Lokation,,lokieren,VVINF,228,0,1,,lozieren,VVINF,,-ation,"[lemma=""lozieren"" & tag=""VVINF""] within <s/>"
Medikation,,medikieren,VVINF,901,0,1,,medizieren,VVINF,,-ation,"[lemma=""medizieren"" & tag=""VVINF""] within <s/>"
Modifikation,,modifikieren,VVINF,2782,902,1,,modifizieren,VVINF,,-ation,"[lemma=""modifizieren"" & tag=""VVINF""] within <s/>"
Multiplikation,,multiplikieren,VVINF,516,276,1,,multiplizieren,VVINF,,-ation,"[lemma=""multiplizieren"" & tag=""VVINF""] within <s/>"
Mystifikation,,mystifikieren,VVINF,59,23,1,,mystifizieren,VVINF,,-ation,"[lemma=""mystifizieren"" & tag=""VVINF""] within <s/>"
Nitrifikation,,nitrifikieren,VVINF,50,0,1,,nitrifizieren,VVINF,,-ation,"[lemma=""nitrifizieren"" & tag=""VVINF""] within <s/>"
Notifikation,,notifikieren,VVINF,83,17,1,,notifizieren,VVINF,,-ation,"[lemma=""notifizieren"" & tag=""VVINF""] within <s/>"
Personifikation,,personifikieren,VVINF,151,39,1,,personifizieren,VVINF,,-ation,"[lemma=""personifizieren"" & tag=""VVINF""] within <s/>"
Provokation,,provokieren,VVINF,3047,2270,1,,provozieren,VVINF,,-ation,"[lemma=""provozieren"" & tag=""VVINF""] within <s/>"
Publikation,,publikieren,VVINF,14803,1100,1,,publizieren,VVINF,,-ation,"[lemma=""publizieren"" & tag=""VVINF""] within <s/>"
Qualifikation,,qualifikieren,VVINF,10399,2801,1,,qualifizieren,VVINF,,-ation,"[lemma=""qualifizieren"" & tag=""VVINF""] within <s/>"
Ratifikation,,ratifikieren,VVINF,109,138,1,,ratifizieren,VVINF,,-ation,"[lemma=""ratifizieren"" & tag=""VVINF""] within <s/>"
Replikation,,replikieren,VVINF,343,129,1,,replizieren,VVINF,,-ation,"[lemma=""replizieren"" & tag=""VVINF""] within <s/>"
Simplifikation,,simplifikieren,VVINF,12,21,1,,simplifizieren,VVINF,,-ation,"[lemma=""simplifizieren"" & tag=""VVINF""] within <s/>"
Spezifikation,,spezifikieren,VVINF,2912,271,1,,spezifizieren,VVINF,,-ation,"[lemma=""spezifizieren"" & tag=""VVINF""] within <s/>"
Translokation,,translokieren,VVINF,93,2,1,,translozieren,VVINF,,-ation,"[lemma=""translozieren"" & tag=""VVINF""] within <s/>"
Verifikation,,verifikieren,VVINF,250,680,1,,verifizieren,VVINF,,-ation,"[lemma=""verifizieren"" & tag=""VVINF""] within <s/>"
Vinifikation,,vinifikieren,VVINF,31,0,1,,vinifizieren,VVINF,,-ation,"[lemma=""vinifizieren"" & tag=""VVINF""] within <s/>"
Vorqualifikation,,vorqualifikieren,VVINF,35,0,1,,vorqualifizieren,VVINF,,-ation,"[lemma=""vorqualifizieren"" & tag=""VVINF""] within <s/>"
Advokatur,,advokieren,VVINF,30,0,1,,advozieren,VVINF,,-atur,"[lemma=""advozieren"" & tag=""VVINF""] within <s/>"
Applikatur,,applikieren,VVINF,5,73,1,,applizieren,VVINF,,-atur,"[lemma=""applizieren"" & tag=""VVINF""] within <s/>"
Duplikatur,,duplikieren,VVINF,1,0,1,,duplizieren,VVINF,,-atur,"[lemma=""duplizieren"" & tag=""VVINF""] within <s/>"
Judikatur,,judikieren,VVINF,112,0,1,,judizieren,VVINF,,-atur,"[lemma=""judizieren"" & tag=""VVINF""] within <s/>"
Lineatur,,lineieren,VVINF,22,0,1,,linieren,VVINF,,-atur,"[lemma=""linieren"" & tag=""VVINF""] within <s/>"
Breite,,Breit,ADJ.,11877,64248,1,,breit,ADJ.,,-eA,"[lemma=""breit"" & tag=""ADJ.""] within <s/>"
Dichte,,Dicht,ADJ.,4109,26600,1,,dicht,ADJ.,,-eA,"[lemma=""dicht"" & tag=""ADJ.""] within <s/>"
Dicke,,Dick,ADJ.,4730,44919,1,,dick,ADJ.,,-eA,"[lemma=""dick"" & tag=""ADJ.""] within <s/>"
Ebene,,Eben,ADJ.,37868,3672,1,,eben,ADJ.,,-eA,"[lemma=""eben"" & tag=""ADJ.""] within <s/>"
Enge,,Eng,ADJ.,2177,62056,1,,eng,ADJ.,,-eA,"[lemma=""eng"" & tag=""ADJ.""] within <s/>"
Ferne,,Fern,ADJ.,7580,25674,1,,fern,ADJ.,,-eA,"[lemma=""fern"" & tag=""ADJ.""] within <s/>"
Hitze,,Hitz,ADJ.,10694,44777,1,,heiß,ADJ.,,-eA,"[lemma=""heiß"" & tag=""ADJ.""] within <s/>"
Höhe,,hoh,ADJ.,79034,388652,1,,hoch,ADJ.,,-eA,"[lemma=""hoch"" & tag=""ADJ.""] within <s/>"
Reife,,Reif,ADJ.,2778,9936,1,,reif,ADJ.,,-eA,"[lemma=""reif"" & tag=""ADJ.""] within <s/>"
Runde,,Rund,ADJ.,45417,15305,1,,rund,ADJ.,,-eA,"[lemma=""rund"" & tag=""ADJ.""] within <s/>"
Säure,,saur,ADJ.,4322,9855,1,,sauer,ADJ.,,-eA,"[lemma=""sauer"" & tag=""ADJ.""] within <s/>"
Stille,,Still,ADJ.,9693,21279,1,,still,ADJ.,,-eA,"[lemma=""still"" & tag=""ADJ.""] within <s/>"
Tiefe,,Tief,ADJ.,16654,79650,1,,tief,ADJ.,,-eA,"[lemma=""tief"" & tag=""ADJ.""] within <s/>"
Treue,,Treu,ADJ.,5233,15854,1,,treu,ADJ.,,-eA,"[lemma=""treu"" & tag=""ADJ.""] within <s/>"
Wehe,,Weh,ADJ.,2805,13587,1,,weh,ADJ.,,-eA,"[lemma=""weh"" & tag=""ADJ.""] within <s/>"
Achsel,,Achs,NN,1086,7540,1,,Achse,NN,,-el,"[lemma=""Achse"" & tag=""NN""] within <s/>"
Stängel,,Stang,NN,4,5881,1,,Stange,NN,,-el,"[lemma=""Stange"" & tag=""NN""] within <s/>"
Abgänger,,abgängen,VVINF,180,801,1,,abgehen,VVINF,,-er,"[lemma=""abgehen"" & tag=""VVINF""] within <s/>"
Abweichler,,abweichlen,VVINF,308,1849,1,,abweichen,VVINF,,-er,"[lemma=""abweichen"" & tag=""VVINF""] within <s/>"
Anrufbeantworter,,anrufbeantworten,VVINF,1206,18612,1,,beantworten,VVINF,,-er,"[lemma=""beantworten"" & tag=""VVINF""] within <s/>"
Besatzer,,besatzen,VVINF,865,3120,1,,besetzen,VVINF,,-er,"[lemma=""besetzen"" & tag=""VVINF""] within <s/>"
Bildner,,Bildn,NN,58,323591,1,,Bild,NN,,-er,"[lemma=""Bild"" & tag=""NN""] within <s/>"
Bürger,,Bürg,NN,61088,17923,1,,Burg,NN,,-er,"[lemma=""Burg"" & tag=""NN""] within <s/>"
Durchlauferhitzer,,durchlauferhitzen,VVINF,344,1229,1,,erhitzen,VVINF,,-er,"[lemma=""erhitzen"" & tag=""VVINF""] within <s/>"
Einzelgänger,,einzelgängen,VVINF,1056,0,1,,einzelgehen,VVINF,,-er,"[lemma=""einzelgehen"" & tag=""VVINF""] within <s/>"
Feinschmecker,,feinschmecken,VVINF,889,2992,1,,schmecken,VVINF,,-er,"[lemma=""schmecken"" & tag=""VVINF""] within <s/>"
Frühaufsteher,,frühaufstehen,VVINF,446,3254,1,,aufstehen,VVINF,,-er,"[lemma=""aufstehen"" & tag=""VVINF""] within <s/>"
Fußgänger,,fußgängen,VVINF,3729,135592,1,,gehen,VVINF,,-er,"[lemma=""gehen"" & tag=""VVINF""] within <s/>"
Glöckner,,Glockn,NN,355,5155,1,,Glocke,NN,,-er,"[lemma=""Glocke"" & tag=""NN""] within <s/>"
Grenzgänger,,grenzgängen,VVINF,534,135592,1,,gehen,VVINF,,-er,"[lemma=""gehen"" & tag=""VVINF""] within <s/>"
Holzfäller,,holzfällen,VVINF,488,1757,1,,fällen,VVINF,,-er,"[lemma=""fällen"" & tag=""VVINF""] within <s/>"
Kinogänger,,kinogängen,VVINF,251,135592,1,,gehen,VVINF,,-er,"[lemma=""gehen"" & tag=""VVINF""] within <s/>"
Kreuzer,,Kreuze,NN,1085,20333,1,,Kreuz,NN,,-er,"[lemma=""Kreuz"" & tag=""NN""] within <s/>"
Läufer,,läufen,VVINF,7595,35067,1,,laufen,VVINF,,-er,"[lemma=""laufen"" & tag=""VVINF""] within <s/>"
Linkshänder,,Linkshand,NN,908,161495,1,,Hand,NN,,-er,"[lemma=""Hand"" & tag=""NN""] within <s/>"
Lügner,,lügnen,VVINF,1548,1475,1,,lügen,VVINF,,-er,"[lemma=""lügen"" & tag=""VVINF""] within <s/>"
Pförtner,,Pfortne,NN,465,3138,1,,Pforte,NN,,-er,"[lemma=""Pforte"" & tag=""NN""] within <s/>"
Rechtshänder,,Rechtshand,NN,465,161495,1,,Hand,NN,,-er,"[lemma=""Hand"" & tag=""NN""] within <s/>"
Redner,,rednen,VVINF,3374,26320,1,,reden,VVINF,,-er,"[lemma=""reden"" & tag=""VVINF""] within <s/>"
Rentner,,Rentne,NN,5828,14345,1,,Rente,NN,,-er,"[lemma=""Rente"" & tag=""NN""] within <s/>"
Ritter,,ritten,VVINF,6752,4737,1,,reiten,VVINF,,-er,"[lemma=""reiten"" & tag=""VVINF""] within <s/>"
Sänger,,sängen,VVINF,14654,8745,1,,singen,VVINF,,-er,"[lemma=""singen"" & tag=""VVINF""] within <s/>"
Schläger,,schlägen,VVINF,2905,11725,1,,schlagen,VVINF,,-er,"[lemma=""schlagen"" & tag=""VVINF""] within <s/>"
Schriftsteller,,schriftstellen,VVINF,10759,66303,1,,stellen,VVINF,,-er,"[lemma=""stellen"" & tag=""VVINF""] within <s/>"
Schuldner,,schuldnen,VVINF,5864,528,1,,schulden,VVINF,,-er,"[lemma=""schulden"" & tag=""VVINF""] within <s/>"
Söldner,,Soldn,NN,2516,499,1,,Sold,NN,,-er,"[lemma=""Sold"" & tag=""NN""] within <s/>"
Spaziergänger,,spaziergängen,VVINF,1210,135592,1,,gehen,VVINF,,-er,"[lemma=""gehen"" & tag=""VVINF""] within <s/>"
Spielverderber,,spielverderben,VVINF,414,1559,1,,verderben,VVINF,,-er,"[lemma=""verderben"" & tag=""VVINF""] within <s/>"
Sprachler,,Sprach,NN,8,73735,1,,Sprache,NN,,-er,"[lemma=""Sprache"" & tag=""NN""] within <s/>"
Ständer,,ständen,VVINF,1416,62866,1,,stehen,VVINF,,-er,"[lemma=""stehen"" & tag=""VVINF""] within <s/>"
Sünder,,Sünd,NN,2192,9903,1,,Sünde,NN,,-er,"[lemma=""Sünde"" & tag=""NN""] within <s/>"
Tuer,,tuen,VVINF,313,159727,1,,tun,VVINF,,-er,"[lemma=""tun"" & tag=""VVINF""] within <s/>"
Vorgänger,,vorgängen,VVINF,11596,4735,1,,vorgehen,VVINF,,-er,"[lemma=""vorgehen"" & tag=""VVINF""] within <s/>"
Vorredner,,vorrednen,VVINF,2142,0,1,,vorreden,VVINF,,-er,"[lemma=""vorreden"" & tag=""VVINF""] within <s/>"
Wächter,,wächten,VVINF,3253,444,1,,wachen,VVINF,,-er,"[lemma=""wachen"" & tag=""VVINF""] within <s/>"
Warnblinker,,warnblinken,VVINF,138,511,1,,blinken,VVINF,,-er,"[lemma=""blinken"" & tag=""VVINF""] within <s/>"
Wegbereiter,,wegbereiten,VVINF,1028,3785,1,,bereiten,VVINF,,-er,"[lemma=""bereiten"" & tag=""VVINF""] within <s/>"
Wiedertäufer,,wiedertaufen,VVINF,92,794,1,,taufen,VVINF,,-er,"[lemma=""taufen"" & tag=""VVINF""] within <s/>"
Zöllner,,Zolln,NN,1444,12192,1,,Zoll,NN,,-er,"[lemma=""Zoll"" & tag=""NN""] within <s/>"
Blindschleiche,,blindschleichen,VVINF,196,511,1,,schleichen,VVINF,,-eV,"[lemma=""schleichen"" & tag=""VVINF""] within <s/>"
Heuschrecke,,heuschrecken,VVINF,1266,311,1,,schrecken,VVINF,,-eV,"[lemma=""schrecken"" & tag=""VVINF""] within <s/>"
Sternwarte,,sternwarten,VVINF,1549,34795,1,,warten,VVINF,,-eV,"[lemma=""warten"" & tag=""VVINF""] within <s/>"
Interwette,,interwetten,VVINF,90,1564,1,,wetten,VVINF,,-eV,"[lemma=""wetten"" & tag=""VVINF""] within <s/>"
Abnahme,,abnahmen,VVINF,4587,6017,1,,abnehmen,VVINF,,-eV,"[lemma=""abnehmen"" & tag=""VVINF""] within <s/>"
Annahme,,annahmen,VVINF,15510,9809,1,,annehmen,VVINF,,-eV,"[lemma=""annehmen"" & tag=""VVINF""] within <s/>"
Anteilnahme,,anteilnahmen,VVINF,1720,0,1,,anteilnehmen,VVINF,,-eV,"[lemma=""anteilnehmen"" & tag=""VVINF""] within <s/>"
Aufnahme,,aufnahmen,VVINF,39133,15819,1,,aufnehmen,VVINF,,-eV,"[lemma=""aufnehmen"" & tag=""VVINF""] within <s/>"
Ausnahme,,ausnahmen,VVINF,30947,455,1,,ausnehmen,VVINF,,-eV,"[lemma=""ausnehmen"" & tag=""VVINF""] within <s/>"
Bezugnahme,,bezugnahmen,VVINF,1113,0,1,,bezugnehmen,VVINF,,-eV,"[lemma=""bezugnehmen"" & tag=""VVINF""] within <s/>"
Einflussnahme,,einflussnahmen,VVINF,1756,0,1,,einflussnehmen,VVINF,,-eV,"[lemma=""einflussnehmen"" & tag=""VVINF""] within <s/>"
Einnahme,,einnahmen,VVINF,17657,4515,1,,einnehmen,VVINF,,-eV,"[lemma=""einnehmen"" & tag=""VVINF""] within <s/>"
Entnahme,,entnahmen,VVINF,1578,7624,1,,entnehmen,VVINF,,-eV,"[lemma=""entnehmen"" & tag=""VVINF""] within <s/>"
Festnahme,,festnahmen,VVINF,1909,307,1,,festnehmen,VVINF,,-eV,"[lemma=""festnehmen"" & tag=""VVINF""] within <s/>"
Hilfe,,hilfen,VVINF,130045,64865,1,,helfen,VVINF,,-eV,"[lemma=""helfen"" & tag=""VVINF""] within <s/>"
Inanspruchnahme,,inanspruchnahmen,VVINF,3421,0,1,,inanspruchnehmen,VVINF,,-eV,"[lemma=""inanspruchnehmen"" & tag=""VVINF""] within <s/>"
Inbetriebnahme,,inbetriebnahmen,VVINF,3059,0,1,,inbetriebnehmen,VVINF,,-eV,"[lemma=""inbetriebnehmen"" & tag=""VVINF""] within <s/>"
Inkaufnahme,,inkaufnahmen,VVINF,153,0,1,,inkaufnehmen,VVINF,,-eV,"[lemma=""inkaufnehmen"" & tag=""VVINF""] within <s/>"
Kenntnisnahme,,kenntnisnahmen,VVINF,664,0,1,,kenntnisnehmen,VVINF,,-eV,"[lemma=""kenntnisnehmen"" & tag=""VVINF""] within <s/>"
Mühle,,mühlen,VVINF,7205,224,1,,mahlen,VVINF,,-eV,"[lemma=""mahlen"" & tag=""VVINF""] within <s/>"
Maßnahme,,maßnahmen,VVINF,59914,29,1,,maßnehmen,VVINF,,-eV,"[lemma=""maßnehmen"" & tag=""VVINF""] within <s/>"
Mitnahme,,mitnahmen,VVINF,1665,8929,1,,mitnehmen,VVINF,,-eV,"[lemma=""mitnehmen"" & tag=""VVINF""] within <s/>"
Rache,,rachen,VVINF,5042,1598,1,,rächen,VVINF,,-eV,"[lemma=""rächen"" & tag=""VVINF""] within <s/>"
Insasse,,insassen,VVINF,2360,13981,1,,sitzen,VVINF,,-eV,"[lemma=""sitzen"" & tag=""VVINF""] within <s/>"
Stellungnahme,,stellungnahmen,VVINF,12712,0,1,,stellungnehmen,VVINF,,-eV,"[lemma=""stellungnehmen"" & tag=""VVINF""] within <s/>"
Teilnahme,,teilnahmen,VVINF,26041,15829,1,,teilnehmen,VVINF,,-eV,"[lemma=""teilnehmen"" & tag=""VVINF""] within <s/>"
Übernahme,,übernahmen,VVINF,12384,24394,1,,übernehmen,VVINF,,-eV,"[lemma=""übernehmen"" & tag=""VVINF""] within <s/>"
Vorausnahme,,vorausnahmen,VVINF,6,0,1,,vorausnehmen,VVINF,,-eV,"[lemma=""vorausnehmen"" & tag=""VVINF""] within <s/>"
Vornahme,,vornahmen,VVINF,457,27,1,,vornehmen,VVINF,,-eV,"[lemma=""vornehmen"" & tag=""VVINF""] within <s/>"
Zuhilfenahme,,zuhilfenahmen,VVINF,896,0,1,,zuhilfenehmen,VVINF,,-eV,"[lemma=""zuhilfenehmen"" & tag=""VVINF""] within <s/>"
Zunahme,,zunahmen,VVINF,5517,2476,1,,zunehmen,VVINF,,-eV,"[lemma=""zunehmen"" & tag=""VVINF""] within <s/>"
Angewohnheit,,angewohn,ADJ.,1115,6,1,,angewöhnt,ADJ.,,-heit,"[lemma=""angewöhnt"" & tag=""ADJ.""] within <s/>"
Anstaendigkeit,Anständigkeit,anstaendig,ADJ.,75,6058,1,,anständig,ADJ.,,-heit,"[lemma=""anständig"" & tag=""ADJ.""] within <s/>"
Bosheit,,bose,ADJ.,739,35426,1,,böse,ADJ.,,-heit,"[lemma=""böse"" & tag=""ADJ.""] within <s/>"
Frömmigkeit,,frömm,ADJ.,1151,3943,1,,fromm,ADJ.,,-heit,"[lemma=""fromm"" & tag=""ADJ.""] within <s/>"
Gerechtigkeit,,gerechtig,ADJ.,13144,13073,1,,gerecht,ADJ.,,-heit,"[lemma=""gerecht"" & tag=""ADJ.""] within <s/>"
Geschwindigkeit,,geschwindig,ADJ.,23142,579,1,,geschwind,ADJ.,,-heit,"[lemma=""geschwind"" & tag=""ADJ.""] within <s/>"
Gewohnheit,,gewohn,ADJ.,5017,13100,1,,gewohnt,ADJ.,,-heit,"[lemma=""gewohnt"" & tag=""ADJ.""] within <s/>"
Hoheit,,ho,ADJ.,1142,388652,1,,hoch,ADJ.,,-heit,"[lemma=""hoch"" & tag=""ADJ.""] within <s/>"
Kleinigkeit,,kleinig,ADJ.,7922,496900,1,,klein,ADJ.,,-heit,"[lemma=""klein"" & tag=""ADJ.""] within <s/>"
Luftdichtigkeit,,luftdichtig,ADJ.,47,819,1,,luftdicht,ADJ.,,-heit,"[lemma=""luftdicht"" & tag=""ADJ.""] within <s/>"
Müdigkeit,,müdig,ADJ.,3294,13570,1,,müde,ADJ.,,-heit,"[lemma=""müde"" & tag=""ADJ.""] within <s/>"
Neuigkeit,,neuig,ADJ.,9898,1048374,1,,neu,ADJ.,,-heit,"[lemma=""neu"" & tag=""ADJ.""] within <s/>"
Nichtabgeschlossenheit,,nichtabgeschlossen,ADJ.,1,8545,1,,abgeschlossen,ADJ.,,-heit,"[lemma=""abgeschlossen"" & tag=""ADJ.""] within <s/>"
Nichtabstreitbarkeit,,nichtabstreitbar,ADJ.,3,17,1,,abstreitbar,ADJ.,,-heit,"[lemma=""abstreitbar"" & tag=""ADJ.""] within <s/>"
Nichterweislichkeit,,nichterweislich,ADJ.,5,19,1,,erweislich,ADJ.,,-heit,"[lemma=""erweislich"" & tag=""ADJ.""] within <s/>"
Nichtzurechenbarkeit,,nichtzurechenbar,ADJ.,0,184,1,,zurechenbar,ADJ.,,-heit,"[lemma=""zurechenbar"" & tag=""ADJ.""] within <s/>"
Reinigkeit,,reinig,ADJ.,7,44335,1,,rein,ADJ.,,-heit,"[lemma=""rein"" & tag=""ADJ.""] within <s/>"
Undichtigkeit,,undichtig,ADJ.,538,2137,1,,undicht,ADJ.,,-heit,"[lemma=""undicht"" & tag=""ADJ.""] within <s/>"
Vielheit,,viel,ADJ.,288,246405,1,,viel,ADV,,-heit,"[lemma=""viel"" & tag=""ADV""] within <s/>"
Wenigkeit,,wenig,ADJ.,932,41698,1,,wenig,ADV|PI.*,,-heit,"[lemma=""wenig"" & tag=""ADV|PI.*""] within <s/>"
Mehrheit,,mehr,ADJ.,24776,1210367,1,,mehr,ADV|PI.*,,-heit,"[lemma=""mehr"" & tag=""ADV|PI.*""] within <s/>"
Dreiheit,,drei,ADJ.,109,257680,1,,drei,CARD,,-heit,"[lemma=""drei"" & tag=""CARD""] within <s/>"
Einheit,,ein,ADJ.,34410,48829,1,,eins,CARD,,-heit,"[lemma=""eins"" & tag=""CARD""] within <s/>"
Christenheit,,christen,ADJ.,1038,19105,1,,Christ,NN,,-heit,"[lemma=""Christ"" & tag=""NN""] within <s/>"
Einzelheit,,einzel,ADJ.,7101,6147,1,,Einzel,NN,,-heit,"[lemma=""Einzel"" & tag=""NN""] within <s/>"
Gottheit,,gott,ADJ.,2733,165434,1,,Gott,NN,,-heit,"[lemma=""Gott"" & tag=""NN""] within <s/>"
Kindheit,,kind,ADJ.,11711,420602,1,,Kind,NN,,-heit,"[lemma=""Kind"" & tag=""NN""] within <s/>"
Menschheit,,mensch,ADJ.,15363,511805,1,,Mensch,NN,,-heit,"[lemma=""Mensch"" & tag=""NN""] within <s/>"
Staatigkeit,,staatig,ADJ.,0,87001,1,,Staat,NN,,-heit,"[lemma=""Staat"" & tag=""NN""] within <s/>"
Torheit,,tor,ADJ.,404,66420,1,,Tor,NN,,-heit,"[lemma=""Tor"" & tag=""NN""] within <s/>"
Urgottheit,,urgott,ADJ.,10,165434,1,,Gott,NN,,-heit,"[lemma=""Gott"" & tag=""NN""] within <s/>"
Zwistigkeit,,zwist,ADJ.,143,387,1,,Zwist,NN,,-heit,"[lemma=""Zwist"" & tag=""NN""] within <s/>"
Metamagnetismus,,Metamagnetik,NN,0,8,1,,Magnetik,NN,,-ismus,"[lemma=""Magnetik"" & tag=""NN""] within <s/>"
Altruismus,,altruisch,ADJ.,260,307,1,,altruistisch,ADJ.,,-ismus,"[lemma=""altruistisch"" & tag=""ADJ.""] within <s/>"
Anachronismus,,anachronisch,ADJ.,304,360,1,,anachronistisch,ADJ.,,-ismus,"[lemma=""anachronistisch"" & tag=""ADJ.""] within <s/>"
Animismus,,animisch,ADJ.,105,115,1,,animistisch,ADJ.,,-ismus,"[lemma=""animistisch"" & tag=""ADJ.""] within <s/>"
Antagonismus,,antagonisch,ADJ.,240,271,1,,antagonistisch,ADJ.,,-ismus,"[lemma=""antagonistisch"" & tag=""ADJ.""] within <s/>"
Dirigismus,,dirigisch,ADJ.,37,53,1,,dirigistisch,ADJ.,,-ismus,"[lemma=""dirigistisch"" & tag=""ADJ.""] within <s/>"
Eskapismus,,eskapisch,ADJ.,66,50,1,,eskapistisch,ADJ.,,-ismus,"[lemma=""eskapistisch"" & tag=""ADJ.""] within <s/>"
Euphemismus,,euphemisch,ADJ.,269,209,1,,euphemistisch,ADJ.,,-ismus,"[lemma=""euphemistisch"" & tag=""ADJ.""] within <s/>"
Exorzismus,,exorzisch,ADJ.,245,17,1,,exorzistisch,ADJ.,,-ismus,"[lemma=""exorzistisch"" & tag=""ADJ.""] within <s/>"
Exterminismus,,exterminisch,ADJ.,5,1,1,,exterministisch,ADJ.,,-ismus,"[lemma=""exterministisch"" & tag=""ADJ.""] within <s/>"
Feminismus,,feminisch,ADJ.,1255,2143,1,,feministisch,ADJ.,,-ismus,"[lemma=""feministisch"" & tag=""ADJ.""] within <s/>"
Hedonismus,,hedonisch,ADJ.,152,268,1,,hedonistisch,ADJ.,,-ismus,"[lemma=""hedonistisch"" & tag=""ADJ.""] within <s/>"
Heterismus,,heterisch,ADJ.,0,0,1,,heteristisch,ADJ.,,-ismus,"[lemma=""heteristisch"" & tag=""ADJ.""] within <s/>"
Holismus,,holisch,ADJ.,38,254,1,,holistisch,ADJ.,,-ismus,"[lemma=""holistisch"" & tag=""ADJ.""] within <s/>"
Indeterminismus,,indeterminisch,ADJ.,61,24,1,,indeterministisch,ADJ.,,-ismus,"[lemma=""indeterministisch"" & tag=""ADJ.""] within <s/>"
Interaktionismus,,Interaktionik,NN,24,0,1,,Interaktion,ADJ.,,-ismus,"[lemma=""Interaktion"" & tag=""ADJ.""] within <s/>"
Interventionismus,,Interventionik,NN,66,0,1,,Intervention,ADJ.,,-ismus,"[lemma=""Intervention"" & tag=""ADJ.""] within <s/>"
Katechismus,,katechisch,ADJ.,580,133,1,,katechetisch,ADJ.,,-ismus,"[lemma=""katechetisch"" & tag=""ADJ.""] within <s/>"
Konservatismus,,konservatisch,ADJ.,302,8160,1,,konservativ,ADJ.,,-ismus,"[lemma=""konservativ"" & tag=""ADJ.""] within <s/>"
Korporatismus,,korporatisch,ADJ.,36,60,1,,korporatistisch,ADJ.,,-ismus,"[lemma=""korporatistisch"" & tag=""ADJ.""] within <s/>"
Laizismus,,laisch,ADJ.,154,242,1,,laizistisch,ADJ.,,-ismus,"[lemma=""laizistisch"" & tag=""ADJ.""] within <s/>"
Nepotismus,,nepotisch,ADJ.,44,0,1,,nepotistisch,ADJ.,,-ismus,"[lemma=""nepotistisch"" & tag=""ADJ.""] within <s/>"
Pessimismus,,pessimisch,ADJ.,586,1321,1,,pessimistisch,ADJ.,,-ismus,"[lemma=""pessimistisch"" & tag=""ADJ.""] within <s/>"
Pointillismus,,pointillisch,ADJ.,16,13,1,,pointillistisch,ADJ.,,-ismus,"[lemma=""pointillistisch"" & tag=""ADJ.""] within <s/>"
Polytheismus,,polytheisch,ADJ.,129,80,1,,polytheistisch,ADJ.,,-ismus,"[lemma=""polytheistisch"" & tag=""ADJ.""] within <s/>"
Populismus,,populisch,ADJ.,679,1260,1,,populistisch,ADJ.,,-ismus,"[lemma=""populistisch"" & tag=""ADJ.""] within <s/>"
Sadismus,,sadisch,ADJ.,226,657,1,,sadistisch,ADJ.,,-ismus,"[lemma=""sadistisch"" & tag=""ADJ.""] within <s/>"
Sadomasochismus,,sadomasochisch,ADJ.,100,104,1,,sadomasochistisch,ADJ.,,-ismus,"[lemma=""sadomasochistisch"" & tag=""ADJ.""] within <s/>"
Solipsismus,,solipsisch,ADJ.,104,38,1,,solipsistisch,ADJ.,,-ismus,"[lemma=""solipsistisch"" & tag=""ADJ.""] within <s/>"
Sophismus,,sophisch,ADJ.,25,84,1,,sophistisch,ADJ.,,-ismus,"[lemma=""sophistisch"" & tag=""ADJ.""] within <s/>"
Syllogismus,,syllogisch,ADJ.,28,8,1,,syllogistisch,ADJ.,,-ismus,"[lemma=""syllogistisch"" & tag=""ADJ.""] within <s/>"
Theismus,,theisch,ADJ.,119,121,1,,theistisch,ADJ.,,-ismus,"[lemma=""theistisch"" & tag=""ADJ.""] within <s/>"
Verismus,,verisch,ADJ.,21,0,1,,veristisch,ADJ.,,-ismus,"[lemma=""veristisch"" & tag=""ADJ.""] within <s/>"
Voyeurismus,,voyeurisch,ADJ.,223,196,1,,voyeuristisch,ADJ.,,-ismus,"[lemma=""voyeuristisch"" & tag=""ADJ.""] within <s/>"
Atavismus,,Atavik,NN,30,0,1,,Atav,N.,,-ismus,"[lemma=""Atav"" & tag=""N.""] within <s/>"
Bonapartismus,,Bonapartik,NN,22,0,1,,Bonapart,N.,,-ismus,"[lemma=""Bonapart"" & tag=""N.""] within <s/>"
Buddhismus,,Buddhik,NN,3151,2982,1,,Buddha,N.,,-ismus,"[lemma=""Buddha"" & tag=""N.""] within <s/>"
Calvinismus,,Calvinik,NN,132,1533,1,,Calvin,N.,,-ismus,"[lemma=""Calvin"" & tag=""N.""] within <s/>"
Chartismus,,Chartik,NN,26,5434,1,,Chart,N.,,-ismus,"[lemma=""Chart"" & tag=""N.""] within <s/>"
Chauvinismus,,Chauvinik,NN,224,21,1,,Chauvin,N.,,-ismus,"[lemma=""Chauvin"" & tag=""N.""] within <s/>"
Dadaismus,,Dadaik,NN,138,355,1,,Dada,N.,,-ismus,"[lemma=""Dada"" & tag=""N.""] within <s/>"
Darwinismus,,Darwinik,NN,207,2549,1,,Darwin,N.,,-ismus,"[lemma=""Darwin"" & tag=""N.""] within <s/>"
Defaitismus,,Defaitik,NN,8,0,1,,Defait,N.,,-ismus,"[lemma=""Defait"" & tag=""N.""] within <s/>"
Fauvismus,,Fauvik,NN,17,0,1,,Fauv,N.,,-ismus,"[lemma=""Fauv"" & tag=""N.""] within <s/>"
Fordismus,,Fordik,NN,110,10142,1,,Ford,N.,,-ismus,"[lemma=""Ford"" & tag=""N.""] within <s/>"
Gaullismus,,Gaullik,NN,2,847,1,,Gaul,N.,,-ismus,"[lemma=""Gaul"" & tag=""N.""] within <s/>"
Hinduismus,,Hinduik,NN,900,955,1,,Hindu,N.,,-ismus,"[lemma=""Hindu"" & tag=""N.""] within <s/>"
Leninismus,,Leninik,NN,126,1953,1,,Lenin,N.,,-ismus,"[lemma=""Lenin"" & tag=""N.""] within <s/>"
Machiavellismus,,Machiavellik,NN,29,236,1,,Machiavelli,N.,,-ismus,"[lemma=""Machiavelli"" & tag=""N.""] within <s/>"
Maoismus,,Maoik,NN,36,1012,1,,Mao,N.,,-ismus,"[lemma=""Mao"" & tag=""N.""] within <s/>"
Marxismus,,Marxik,NN,1167,6943,1,,Marx,N.,,-ismus,"[lemma=""Marx"" & tag=""N.""] within <s/>"
Peronismus,,Peronik,NN,14,103,1,,Peron,N.,,-ismus,"[lemma=""Peron"" & tag=""N.""] within <s/>"
Petrarkismus,,Petrarkik,NN,3,0,1,,Petrark,N.,,-ismus,"[lemma=""Petrark"" & tag=""N.""] within <s/>"
Pietismus,,Pietik,NN,217,459,1,,Piet,N.,,-ismus,"[lemma=""Piet"" & tag=""N.""] within <s/>"
Platonismus,,Platonik,NN,74,2066,1,,Platon,N.,,-ismus,"[lemma=""Platon"" & tag=""N.""] within <s/>"
Satanismus,,Satanik,NN,380,3445,1,,Satan,N.,,-ismus,"[lemma=""Satan"" & tag=""N.""] within <s/>"
Spinozismus,,Spinozik,NN,11,0,1,,Spinoz,N.,,-ismus,"[lemma=""Spinoz"" & tag=""N.""] within <s/>"
Stalinismus,,Stalinik,NN,494,2918,1,,Stalin,N.,,-ismus,"[lemma=""Stalin"" & tag=""N.""] within <s/>"
Trotzkismus,,Trotzkik,NN,19,431,1,,Trotzki,N.,,-ismus,"[lemma=""Trotzki"" & tag=""N.""] within <s/>"
Abolitionismus,,Abolitionik,NN,14,16,1,,Abolition,NN,,-ismus,"[lemma=""Abolition"" & tag=""NN""] within <s/>"
Aktionismus,,Aktionik,NN,827,73475,1,,Aktion,NN,,-ismus,"[lemma=""Aktion"" & tag=""NN""] within <s/>"
Alarmismus,,Alarmik,NN,60,4343,1,,Alarm,NN,,-ismus,"[lemma=""Alarm"" & tag=""NN""] within <s/>"
Alkoholismus,,Alkoholik,NN,780,18782,1,,Alkohol,NN,,-ismus,"[lemma=""Alkohol"" & tag=""NN""] within <s/>"
Aphorismus,,Aphorik,NN,662,0,1,,Aphor,NN,,-ismus,"[lemma=""Aphor"" & tag=""NN""] within <s/>"
Ästhetizismus,,ästhetizik,NN,52,4165,1,,Ästhetik,NN,,-ismus,"[lemma=""Ästhetik"" & tag=""NN""] within <s/>"
Atheismus,,Atheik,NN,1065,1,1,,Atheistik,NN,,-ismus,"[lemma=""Atheistik"" & tag=""NN""] within <s/>"
Autismus,,Autik,NN,896,0,1,,Autistik,NN,,-ismus,"[lemma=""Autistik"" & tag=""NN""] within <s/>"
Avantgardismus,,Avantgardik,NN,24,1432,1,,Avantgarde,NN,,-ismus,"[lemma=""Avantgarde"" & tag=""NN""] within <s/>"
Behaviorismus,,Behaviorik,NN,95,0,1,,Behavior,NN,,-ismus,"[lemma=""Behavior"" & tag=""NN""] within <s/>"
Determinismus,,Determinik,NN,418,0,1,,Deterministik,NN,,-ismus,"[lemma=""Deterministik"" & tag=""NN""] within <s/>"
Divisionismus,,Divisionik,NN,5,3344,1,,Division,NN,,-ismus,"[lemma=""Division"" & tag=""NN""] within <s/>"
Dogmatismus,,Dogmatik,NN,217,2236,1,,Dogma,NN,,-ismus,"[lemma=""Dogma"" & tag=""NN""] within <s/>"
Egoismus,,Egoik,NN,3185,3892,1,,Ego,NN,,-ismus,"[lemma=""Ego"" & tag=""NN""] within <s/>"
Equilibrismus,,Equilibrik,NN,8,157,1,,Equilibrium,NN,,-ismus,"[lemma=""Equilibrium"" & tag=""NN""] within <s/>"
Essayismus,,Essayik,NN,9,3485,1,,Essay,NN,,-ismus,"[lemma=""Essay"" & tag=""NN""] within <s/>"
Etatismus,,Etatik,NN,48,2024,1,,Etat,NN,,-ismus,"[lemma=""Etat"" & tag=""NN""] within <s/>"
Evolutionismus,,Evolutionik,NN,42,7052,1,,Evolution,NN,,-ismus,"[lemma=""Evolution"" & tag=""NN""] within <s/>"
Exhibitionismus,,Exhibitionik,NN,121,291,1,,Exhibition,NN,,-ismus,"[lemma=""Exhibition"" & tag=""NN""] within <s/>"
Expansionismus,,Expansionik,NN,27,2707,1,,Expansion,NN,,-ismus,"[lemma=""Expansion"" & tag=""NN""] within <s/>"
Expressionismus,,Expressionik,NN,561,1107,1,,Expression,NN,,-ismus,"[lemma=""Expression"" & tag=""NN""] within <s/>"
Fetischismus,,Fetischik,NN,126,812,1,,Fetisch,NN,,-ismus,"[lemma=""Fetisch"" & tag=""NN""] within <s/>"
Feuilletonismus,,Feuilletonik,NN,1,1027,1,,Feuilleton,NN,,-ismus,"[lemma=""Feuilleton"" & tag=""NN""] within <s/>"
Folklorismus,,Folklorik,NN,7,1029,1,,Folklore,NN,,-ismus,"[lemma=""Folklore"" & tag=""NN""] within <s/>"
Futurismus,,Futurik,NN,91,204,1,,Futur,NN,,-ismus,"[lemma=""Futur"" & tag=""NN""] within <s/>"
Historizismus,,Historizik,NN,20,70,1,,Historik,NN,,-ismus,"[lemma=""Historik"" & tag=""NN""] within <s/>"
Hooliganismus,,Hooliganik,NN,31,844,1,,Hooligan,NN,,-ismus,"[lemma=""Hooligan"" & tag=""NN""] within <s/>"
Hyperaktionismus,,Hyperaktionik,NN,0,0,1,,Hyperaktion,NN,,-ismus,"[lemma=""Hyperaktion"" & tag=""NN""] within <s/>"
Hyperandrogenismus,,Hyperandrogenik,NN,1,0,1,,Hyperandrogen,NN,,-ismus,"[lemma=""Hyperandrogen"" & tag=""NN""] within <s/>"
Hypogonadismus,,Hypogonadik,NN,89,0,1,,Hypogonad,NN,,-ismus,"[lemma=""Hypogonad"" & tag=""NN""] within <s/>"
Idiotismus,,Idiotik,NN,15,4969,1,,Idiot,NN,,-ismus,"[lemma=""Idiot"" & tag=""NN""] within <s/>"
Illusionismus,,Illusionik,NN,24,6448,1,,Illusion,NN,,-ismus,"[lemma=""Illusion"" & tag=""NN""] within <s/>"
Impressionismus,,Impressionik,NN,286,2492,1,,Impression,NN,,-ismus,"[lemma=""Impression"" & tag=""NN""] within <s/>"
Islamismus,,Islamik,NN,681,12935,1,,Islam,NN,,-ismus,"[lemma=""Islam"" & tag=""NN""] within <s/>"
Isolationismus,,Isolationik,NN,31,2555,1,,Isolation,NN,,-ismus,"[lemma=""Isolation"" & tag=""NN""] within <s/>"
Jainismus,,Jainik,NN,103,0,1,,Jain,NN,,-ismus,"[lemma=""Jain"" & tag=""NN""] within <s/>"
Jesuitismus,,Jesuitik,NN,9,983,1,,Jesuit,NN,,-ismus,"[lemma=""Jesuit"" & tag=""NN""] within <s/>"
Journalismus,,Journalik,NN,3745,4048,1,,Journal,NN,,-ismus,"[lemma=""Journal"" & tag=""NN""] within <s/>"
Journalistismus,,Journalistik,NN,0,19426,1,,Journalist,NN,,-ismus,"[lemma=""Journalist"" & tag=""NN""] within <s/>"
Kapitalismus,,Kapitalik,NN,8421,14254,1,,Kapital,NN,,-ismus,"[lemma=""Kapital"" & tag=""NN""] within <s/>"
Klientelismus,,Klientelik,NN,42,2053,1,,Klientel,NN,,-ismus,"[lemma=""Klientel"" & tag=""NN""] within <s/>"
Kommunismus,,Kommunik,NN,3365,18907,1,,Kommune,NN,,-ismus,"[lemma=""Kommune"" & tag=""NN""] within <s/>"
Konstruktionismus,,Konstruktionik,NN,13,11430,1,,Konstruktion,NN,,-ismus,"[lemma=""Konstruktion"" & tag=""NN""] within <s/>"
Konsumismus,,Konsumik,NN,60,7036,1,,Konsum,NN,,-ismus,"[lemma=""Konsum"" & tag=""NN""] within <s/>"
Kreationismus,,Kreationik,NN,311,2254,1,,Kreation,NN,,-ismus,"[lemma=""Kreation"" & tag=""NN""] within <s/>"
Kretinismus,,Kretinik,NN,44,41,1,,Kretin,NN,,-ismus,"[lemma=""Kretin"" & tag=""NN""] within <s/>"
Kritizismus,,Kritizik,NN,54,47680,1,,Kritik,NN,,-ismus,"[lemma=""Kritik"" & tag=""NN""] within <s/>"
Lobbyismus,,Lobbyik,NN,631,3448,1,,Lobby,NN,,-ismus,"[lemma=""Lobby"" & tag=""NN""] within <s/>"
Manierismus,,Manierik,NN,140,2595,1,,Manier,NN,,-ismus,"[lemma=""Manier"" & tag=""NN""] within <s/>"
Masochismus,,Masochik,NN,310,0,1,,Masochistik,NN,,-ismus,"[lemma=""Masochistik"" & tag=""NN""] within <s/>"
Meteorismus,,Meteorik,NN,24,662,1,,Meteor,NN,,-ismus,"[lemma=""Meteor"" & tag=""NN""] within <s/>"
Militarismus,,Militarik,NN,465,9070,1,,Militär,NN,,-ismus,"[lemma=""Militär"" & tag=""NN""] within <s/>"
Monopolismus,,Monopolik,NN,12,2155,1,,Monopol,NN,,-ismus,"[lemma=""Monopol"" & tag=""NN""] within <s/>"
Mystizismus,,Mystizik,NN,103,1419,1,,Mystik,NN,,-ismus,"[lemma=""Mystik"" & tag=""NN""] within <s/>"
Naturismus,,Naturik,NN,16,67190,1,,Natur,NN,,-ismus,"[lemma=""Natur"" & tag=""NN""] within <s/>"
Nazismus,,Nazik,NN,174,11721,1,,Nazi,NN,,-ismus,"[lemma=""Nazi"" & tag=""NN""] within <s/>"
Nihilismus,,Nihilik,NN,273,0,1,,Nihilistik,NN,,-ismus,"[lemma=""Nihilistik"" & tag=""NN""] within <s/>"
Paganismus,,Paganik,NN,15,0,1,,Pagan,NN,,-ismus,"[lemma=""Pagan"" & tag=""NN""] within <s/>"
Parasitismus,,Parasitik,NN,36,2382,1,,Parasit,NN,,-ismus,"[lemma=""Parasit"" & tag=""NN""] within <s/>"
Pauperismus,,Pauperik,NN,35,0,1,,Pauper,NN,,-ismus,"[lemma=""Pauper"" & tag=""NN""] within <s/>"
Perfektionismus,,Perfektionik,NN,347,2766,1,,Perfektion,NN,,-ismus,"[lemma=""Perfektion"" & tag=""NN""] within <s/>"
Praktizismus,,Praktizik,NN,4,3270,1,,Praktik,NN,,-ismus,"[lemma=""Praktik"" & tag=""NN""] within <s/>"
Protektionismus,,Protektionik,NN,239,180,1,,Protektion,NN,,-ismus,"[lemma=""Protektion"" & tag=""NN""] within <s/>"
Provinzialismus,,Provinzialik,NN,49,706,1,,Provinzial,NN,,-ismus,"[lemma=""Provinzial"" & tag=""NN""] within <s/>"
Puritanismus,,Puritanik,NN,37,0,1,,Puritan,NN,,-ismus,"[lemma=""Puritan"" & tag=""NN""] within <s/>"
Quietismus,,Quietik,NN,14,0,1,,Quiet,NN,,-ismus,"[lemma=""Quiet"" & tag=""NN""] within <s/>"
Rassismus,,Rassik,NN,6023,16267,1,,Rasse,NN,,-ismus,"[lemma=""Rasse"" & tag=""NN""] within <s/>"
Reaktionismus,,Reaktionik,NN,5,31318,1,,Reaktion,NN,,-ismus,"[lemma=""Reaktion"" & tag=""NN""] within <s/>"
Reduktionismus,,Reduktionik,NN,93,4425,1,,Reduktion,NN,,-ismus,"[lemma=""Reduktion"" & tag=""NN""] within <s/>"
Reformismus,,Reformik,NN,127,13974,1,,Reform,NN,,-ismus,"[lemma=""Reform"" & tag=""NN""] within <s/>"
Revanchismus,,Revanchik,NN,53,902,1,,Revanche,NN,,-ismus,"[lemma=""Revanche"" & tag=""NN""] within <s/>"
Rigorismus,,Rigorik,NN,54,0,1,,Rigor,NN,,-ismus,"[lemma=""Rigor"" & tag=""NN""] within <s/>"
Schintoismus,,Schintoik,NN,7,0,1,,Schinto,NN,,-ismus,"[lemma=""Schinto"" & tag=""NN""] within <s/>"
Sexismus,,Sexik,NN,781,19530,1,,Sex,NN,,-ismus,"[lemma=""Sex"" & tag=""NN""] within <s/>"
Shintoismus,,Shintoik,NN,39,0,1,,Shinto,NN,,-ismus,"[lemma=""Shinto"" & tag=""NN""] within <s/>"
Sikhismus,,Sikhik,NN,81,540,1,,Sikh,NN,,-ismus,"[lemma=""Sikh"" & tag=""NN""] within <s/>"
Simulationismus,,Simulationik,NN,0,4988,1,,Simulation,NN,,-ismus,"[lemma=""Simulation"" & tag=""NN""] within <s/>"
Situationismus,,Situationik,NN,5,91820,1,,Situation,NN,,-ismus,"[lemma=""Situation"" & tag=""NN""] within <s/>"
Snobismus,,Snobik,NN,34,186,1,,Snob,NN,,-ismus,"[lemma=""Snob"" & tag=""NN""] within <s/>"
Spiritismus,,Spiritik,NN,154,2725,1,,Spirit,NN,,-ismus,"[lemma=""Spirit"" & tag=""NN""] within <s/>"
Sufismus,,Sufik,NN,146,300,1,,Sufi,NN,,-ismus,"[lemma=""Sufi"" & tag=""NN""] within <s/>"
Syndikalismus,,Syndikalik,NN,42,415,1,,Syndikat,NN,,-ismus,"[lemma=""Syndikat"" & tag=""NN""] within <s/>"
Taoismus,,Taoik,NN,168,772,1,,Tao,NN,,-ismus,"[lemma=""Tao"" & tag=""NN""] within <s/>"
Technizismus,,Technizik,NN,2,60849,1,,Technik,NN,,-ismus,"[lemma=""Technik"" & tag=""NN""] within <s/>"
Terrorismus,,Terrorik,NN,3654,6195,1,,Terror,NN,,-ismus,"[lemma=""Terror"" & tag=""NN""] within <s/>"
Tourismus,,Tourik,NN,9473,38405,1,,Tour,NN,,-ismus,"[lemma=""Tour"" & tag=""NN""] within <s/>"
Transvestismus,,Transvestik,NN,22,271,1,,Transvestit,NN,,-ismus,"[lemma=""Transvestit"" & tag=""NN""] within <s/>"
Unionismus,,Unionik,NN,2,19750,1,,Union,NN,,-ismus,"[lemma=""Union"" & tag=""NN""] within <s/>"
Universismus,,Universik,NN,6,1354,1,,Univers,NN,,-ismus,"[lemma=""Univers"" & tag=""NN""] within <s/>"
Vaginismus,,Vaginik,NN,30,728,1,,Vagina,NN,,-ismus,"[lemma=""Vagina"" & tag=""NN""] within <s/>"
Vampirismus,,Vampirik,NN,89,6779,1,,Vampir,NN,,-ismus,"[lemma=""Vampir"" & tag=""NN""] within <s/>"
Vandalismus,,Vandalik,NN,965,0,1,,Vandal,NN,,-ismus,"[lemma=""Vandal"" & tag=""NN""] within <s/>"
Voluntarismus,,Voluntarik,NN,37,0,1,,Voluntar,NN,,-ismus,"[lemma=""Voluntar"" & tag=""NN""] within <s/>"
Zionismus,,Zionik,NN,760,0,1,,Zion,NN,,-ismus,"[lemma=""Zion"" & tag=""NN""] within <s/>"
Antitheist,,Antithe,NN,1,119,1,,Theismus,NN,,-ist,"[lemma=""Theismus"" & tag=""NN""] within <s/>"
Akademist,,Akadem,NN,3,12179,1,,Akademie,NN,,-ist,"[lemma=""Akademie"" & tag=""NN""] within <s/>"
Aktivist,,Aktiv,NN,3130,259,1,,Aktivismus,NN,,-ist,"[lemma=""Aktivismus"" & tag=""NN""] within <s/>"
Alchemist,,Alchem,NN,412,635,1,,Alchemie,NN,,-ist,"[lemma=""Alchemie"" & tag=""NN""] within <s/>"
Altruist,,Altru,NN,34,260,1,,Altruismus,NN,,-ist,"[lemma=""Altruismus"" & tag=""NN""] within <s/>"
Amerikanist,,Amerikan,NN,18,60,1,,Amerikanismus,NN,,-ist,"[lemma=""Amerikanismus"" & tag=""NN""] within <s/>"
Anabaptist,,Anabapt,NN,4,0,1,,Anabaptismus,NN,,-ist,"[lemma=""Anabaptismus"" & tag=""NN""] within <s/>"
Anästhesist,,Anästhes,NN,509,836,1,,Anästhesie,NN,,-ist,"[lemma=""Anästhesie"" & tag=""NN""] within <s/>"
Anglist,,Angl,NN,55,0,1,,Anglismus,NN,,-ist,"[lemma=""Anglismus"" & tag=""NN""] within <s/>"
Antagonist,,Antagon,NN,437,240,1,,Antagonismus,NN,,-ist,"[lemma=""Antagonismus"" & tag=""NN""] within <s/>"
Aorist,,Aor,NN,29,0,1,,Aorismus,NN,,-ist,"[lemma=""Aorismus"" & tag=""NN""] within <s/>"
Artillerist,,Artiller,NN,82,1152,1,,Artillerie,NN,,-ist,"[lemma=""Artillerie"" & tag=""NN""] within <s/>"
Atheist,,Athe,NN,2680,1065,1,,Atheismus,NN,,-ist,"[lemma=""Atheismus"" & tag=""NN""] within <s/>"
Autist,,Aut,NN,351,896,1,,Autismus,NN,,-ist,"[lemma=""Autismus"" & tag=""NN""] within <s/>"
Avantgardist,,Avantgard,NN,106,1432,1,,Avantgarde,NN,,-ist,"[lemma=""Avantgarde"" & tag=""NN""] within <s/>"
Ballist,,Ball,NN,14,0,1,,Ballismus,NN,,-ist,"[lemma=""Ballismus"" & tag=""NN""] within <s/>"
Baptist,,Bapt,NN,810,9,1,,Baptismus,NN,,-ist,"[lemma=""Baptismus"" & tag=""NN""] within <s/>"
Batist,,Bat,NN,20,0,1,,Batismus,NN,,-ist,"[lemma=""Batismus"" & tag=""NN""] within <s/>"
Bellizist,,Belliz,NN,23,8,1,,Bellizismus,NN,,-ist,"[lemma=""Bellizismus"" & tag=""NN""] within <s/>"
Bigamist,,Bigam,NN,26,32,1,,Bigamie,NN,,-ist,"[lemma=""Bigamie"" & tag=""NN""] within <s/>"
Biist,,Bi,NN,1,0,1,,Biismus,NN,,-ist,"[lemma=""Biismus"" & tag=""NN""] within <s/>"
Biologist,,Biolog,NN,3,5229,1,,Biologie,NN,,-ist,"[lemma=""Biologie"" & tag=""NN""] within <s/>"
Bolschewist,,Bolschew,NN,99,315,1,,Bolschewismus,NN,,-ist,"[lemma=""Bolschewismus"" & tag=""NN""] within <s/>"
Bratschist,,Bratsch,NN,58,360,1,,Bratsche,NN,,-ist,"[lemma=""Bratsche"" & tag=""NN""] within <s/>"
Brigadist,,Brigad,NN,22,1237,1,,Brigade,NN,,-ist,"[lemma=""Brigade"" & tag=""NN""] within <s/>"
Buddhist,,Buddh,NN,961,3151,1,,Buddhismus,NN,,-ist,"[lemma=""Buddhismus"" & tag=""NN""] within <s/>"
Calvinist,,Calvin,NN,102,132,1,,Calvinismus,NN,,-ist,"[lemma=""Calvinismus"" & tag=""NN""] within <s/>"
Cellist,,Cell,NN,307,1028,1,,Cello,NN,,-ist,"[lemma=""Cello"" & tag=""NN""] within <s/>"
Chartist,,Chart,NN,48,26,1,,Chartismus,NN,,-ist,"[lemma=""Chartismus"" & tag=""NN""] within <s/>"
Chauvinist,,Chauvin,NN,56,224,1,,Chauvinismus,NN,,-ist,"[lemma=""Chauvinismus"" & tag=""NN""] within <s/>"
Chemist,,Chem,NN,17,11699,1,,Chemie,NN,,-ist,"[lemma=""Chemie"" & tag=""NN""] within <s/>"
Dadaist,,Dada,NN,85,138,1,,Dadaismus,NN,,-ist,"[lemma=""Dadaismus"" & tag=""NN""] within <s/>"
Darwinist,,Darwin,NN,47,207,1,,Darwinismus,NN,,-ist,"[lemma=""Darwinismus"" & tag=""NN""] within <s/>"
Defaitist,,Defait,NN,2,8,1,,Defaitismus,NN,,-ist,"[lemma=""Defaitismus"" & tag=""NN""] within <s/>"
Determinist,,Determin,NN,30,418,1,,Determinismus,NN,,-ist,"[lemma=""Determinismus"" & tag=""NN""] within <s/>"
Drogist,,Drog,NN,99,12035,1,,Droge,NN,,-ist,"[lemma=""Droge"" & tag=""NN""] within <s/>"
Eklektizist,,Eklektiz,NN,0,63,1,,Eklektizismus,NN,,-ist,"[lemma=""Eklektizismus"" & tag=""NN""] within <s/>"
Elektrologist,,Elektrolog,NN,1,0,1,,Elektrologismus,NN,,-ist,"[lemma=""Elektrologismus"" & tag=""NN""] within <s/>"
Empirist,,Empir,NN,25,430,1,,Empirie,NN,,-ist,"[lemma=""Empirie"" & tag=""NN""] within <s/>"
Experimentalist,,Experimental,NN,9,14797,1,,Experiment,NN,,-ist,"[lemma=""Experiment"" & tag=""NN""] within <s/>"
Faschist,,Fasch,NN,1501,3349,1,,Faschismus,NN,,-ist,"[lemma=""Faschismus"" & tag=""NN""] within <s/>"
Faunist,,Faun,NN,1,0,1,,Faunismus,NN,,-ist,"[lemma=""Faunismus"" & tag=""NN""] within <s/>"
Fauvist,,Fauv,NN,5,17,1,,Fauvismus,NN,,-ist,"[lemma=""Fauvismus"" & tag=""NN""] within <s/>"
Feminist,,Femin,NN,182,1255,1,,Feminismus,NN,,-ist,"[lemma=""Feminismus"" & tag=""NN""] within <s/>"
Filialist,,Filial,NN,125,6711,1,,Filiale,NN,,-ist,"[lemma=""Filiale"" & tag=""NN""] within <s/>"
Flötist,,Flöt,NN,169,2627,1,,Flöte,NN,,-ist,"[lemma=""Flöte"" & tag=""NN""] within <s/>"
Folklorist,,Folklor,NN,3,1029,1,,Folklore,NN,,-ist,"[lemma=""Folklore"" & tag=""NN""] within <s/>"
Galerist,,Galer,NN,382,13842,1,,Galerie,NN,,-ist,"[lemma=""Galerie"" & tag=""NN""] within <s/>"
Gambist,,Gamb,NN,13,0,1,,Gambismus,NN,,-ist,"[lemma=""Gambismus"" & tag=""NN""] within <s/>"
Gardist,,Gard,NN,459,3343,1,,Garde,NN,,-ist,"[lemma=""Garde"" & tag=""NN""] within <s/>"
Generalist,,General,NN,221,2,1,,Generalismus,NN,,-ist,"[lemma=""Generalismus"" & tag=""NN""] within <s/>"
Girondist,,Girond,NN,23,0,1,,Girondismus,NN,,-ist,"[lemma=""Girondismus"" & tag=""NN""] within <s/>"
Grossist,,Gross,NN,88,0,1,,Grossismus,NN,,-ist,"[lemma=""Grossismus"" & tag=""NN""] within <s/>"
Harmonist,,Harmon,NN,14,6372,1,,Harmonie,NN,,-ist,"[lemma=""Harmonie"" & tag=""NN""] within <s/>"
Havarist,,Havar,NN,50,0,1,,Havarismus,NN,,-ist,"[lemma=""Havarismus"" & tag=""NN""] within <s/>"
Hedonist,,Hedon,NN,69,152,1,,Hedonismus,NN,,-ist,"[lemma=""Hedonismus"" & tag=""NN""] within <s/>"
Immoralist,,Immoral,NN,13,4,1,,Immoralismus,NN,,-ist,"[lemma=""Immoralismus"" & tag=""NN""] within <s/>"
Infanterist,,Infanter,NN,274,1481,1,,Infanterie,NN,,-ist,"[lemma=""Infanterie"" & tag=""NN""] within <s/>"
Infantrist,,Infantr,NN,16,1481,1,,Infanterie,NN,,-ist,"[lemma=""Infanterie"" & tag=""NN""] within <s/>"
Instrumentalist,,Instrumental,NN,525,28782,1,,Instrument,NN,,-ist,"[lemma=""Instrument"" & tag=""NN""] within <s/>"
Ionalist,,Ional,NN,0,0,1,,Ionalismus,NN,,-ist,"[lemma=""Ionalismus"" & tag=""NN""] within <s/>"
Jansenist,,Jansen,NN,12,0,1,,Jansenismus,NN,,-ist,"[lemma=""Jansenismus"" & tag=""NN""] within <s/>"
Judaist,,Juda,NN,18,71,1,,Judaismus,NN,,-ist,"[lemma=""Judaismus"" & tag=""NN""] within <s/>"
Jurist,,Jur,NN,6039,706,1,,Jura,NN,,-ist,"[lemma=""Jura"" & tag=""NN""] within <s/>"
Kabbalist,,Kabbal,NN,106,0,1,,Kabbalismus,NN,,-ist,"[lemma=""Kabbalismus"" & tag=""NN""] within <s/>"
Kalvinist,,Kalvin,NN,18,27,1,,Kalvinismus,NN,,-ist,"[lemma=""Kalvinismus"" & tag=""NN""] within <s/>"
Karrierist,,Karrier,NN,141,18728,1,,Karriere,NN,,-ist,"[lemma=""Karriere"" & tag=""NN""] within <s/>"
Kavallerist,,Kavaller,NN,71,809,1,,Kavallerie,NN,,-ist,"[lemma=""Kavallerie"" & tag=""NN""] within <s/>"
Kemalist,,Kemal,NN,44,32,1,,Kemalismus,NN,,-ist,"[lemma=""Kemalismus"" & tag=""NN""] within <s/>"
Klarinettist,,Klarinett,NN,180,1104,1,,Klarinette,NN,,-ist,"[lemma=""Klarinette"" & tag=""NN""] within <s/>"
Klassist,,Klass,NN,1,77425,1,,Klasse,NN,,-ist,"[lemma=""Klasse"" & tag=""NN""] within <s/>"
Klimatist,,Klimat,NN,13,16322,1,,Klima,NN,,-ist,"[lemma=""Klima"" & tag=""NN""] within <s/>"
Kolonialist,,Kolonial,NN,106,607,1,,Kolonialismus,NN,,-ist,"[lemma=""Kolonialismus"" & tag=""NN""] within <s/>"
Kolonist,,Kolon,NN,693,4348,1,,Kolonie,NN,,-ist,"[lemma=""Kolonie"" & tag=""NN""] within <s/>"
Kolumnist,,Kolumn,NN,506,2910,1,,Kolumne,NN,,-ist,"[lemma=""Kolumne"" & tag=""NN""] within <s/>"
Kommanditist,,Kommandit,NN,274,0,1,,Kommanditismus,NN,,-ist,"[lemma=""Kommanditismus"" & tag=""NN""] within <s/>"
Kommunist,,Kommun,NN,4293,18907,1,,Kommune,NN,,-ist,"[lemma=""Kommune"" & tag=""NN""] within <s/>"
Konfessionalist,,Konfessional,NN,1,2244,1,,Konfession,NN,,-ist,"[lemma=""Konfession"" & tag=""NN""] within <s/>"
Kopist,,Kop,NN,100,0,1,,Kopismus,NN,,-ist,"[lemma=""Kopismus"" & tag=""NN""] within <s/>"
Kulturalist,,Kultural,NN,3,61321,1,,Kultur,NN,,-ist,"[lemma=""Kultur"" & tag=""NN""] within <s/>"
Laizist,,Laiz,NN,44,154,1,,Laizismus,NN,,-ist,"[lemma=""Laizismus"" & tag=""NN""] within <s/>"
Leninist,,Lenin,NN,14,126,1,,Leninismus,NN,,-ist,"[lemma=""Leninismus"" & tag=""NN""] within <s/>"
Librettist,,Librett,NN,121,426,1,,Libretto,NN,,-ist,"[lemma=""Libretto"" & tag=""NN""] within <s/>"
Ligist,,Lig,NN,120,23309,1,,Liga,NN,,-ist,"[lemma=""Liga"" & tag=""NN""] within <s/>"
Linguist,,Lingu,NN,363,0,1,,Linguismus,NN,,-ist,"[lemma=""Linguismus"" & tag=""NN""] within <s/>"
Machiavellist,,Machiavell,NN,9,29,1,,Machiavellismus,NN,,-ist,"[lemma=""Machiavellismus"" & tag=""NN""] within <s/>"
Maoist,,Mao,NN,229,36,1,,Maoismus,NN,,-ist,"[lemma=""Maoismus"" & tag=""NN""] within <s/>"
Marxist,,Marx,NN,562,1167,1,,Marxismus,NN,,-ist,"[lemma=""Marxismus"" & tag=""NN""] within <s/>"
Maschinist,,Maschin,NN,305,33542,1,,Maschine,NN,,-ist,"[lemma=""Maschine"" & tag=""NN""] within <s/>"
Masochist,,Masoch,NN,193,310,1,,Masochismus,NN,,-ist,"[lemma=""Masochismus"" & tag=""NN""] within <s/>"
Militarist,,Militar,NN,96,9070,1,,Militär,NN,,-ist,"[lemma=""Militär"" & tag=""NN""] within <s/>"
Monarchist,,Monarch,NN,91,1834,1,,Monarchie,NN,,-ist,"[lemma=""Monarchie"" & tag=""NN""] within <s/>"
Monotheist,,Monothe,NN,28,395,1,,Monotheismus,NN,,-ist,"[lemma=""Monotheismus"" & tag=""NN""] within <s/>"
Morphist,,Morph,NN,0,1,1,,Morphismus,NN,,-ist,"[lemma=""Morphismus"" & tag=""NN""] within <s/>"
Nazist,,Naz,NN,1,174,1,,Nazismus,NN,,-ist,"[lemma=""Nazismus"" & tag=""NN""] within <s/>"
Nihilist,,Nihil,NN,118,273,1,,Nihilismus,NN,,-ist,"[lemma=""Nihilismus"" & tag=""NN""] within <s/>"
Nudist,,Nud,NN,45,7,1,,Nudismus,NN,,-ist,"[lemma=""Nudismus"" & tag=""NN""] within <s/>"
Oboist,,Obo,NN,47,533,1,,Oboe,NN,,-ist,"[lemma=""Oboe"" & tag=""NN""] within <s/>"
Obrist,,Obr,NN,156,0,1,,Obrismus,NN,,-ist,"[lemma=""Obrismus"" & tag=""NN""] within <s/>"
Oligopolist,,Oligopol,NN,12,0,1,,Oligopolismus,NN,,-ist,"[lemma=""Oligopolismus"" & tag=""NN""] within <s/>"
Optimist,,Optim,NN,1340,2594,1,,Optimismus,NN,,-ist,"[lemma=""Optimismus"" & tag=""NN""] within <s/>"
Pantheist,,Panthe,NN,53,187,1,,Pantheismus,NN,,-ist,"[lemma=""Pantheismus"" & tag=""NN""] within <s/>"
Papist,,Pap,NN,43,17118,1,,Papst,NN,,-ist,"[lemma=""Papst"" & tag=""NN""] within <s/>"
Parodist,,Parod,NN,50,1449,1,,Parodie,NN,,-ist,"[lemma=""Parodie"" & tag=""NN""] within <s/>"
Pazifist,,Pazif,NN,567,377,1,,Pazifismus,NN,,-ist,"[lemma=""Pazifismus"" & tag=""NN""] within <s/>"
Peronist,,Peron,NN,15,14,1,,Peronismus,NN,,-ist,"[lemma=""Peronismus"" & tag=""NN""] within <s/>"
Pessimist,,Pessim,NN,894,586,1,,Pessimismus,NN,,-ist,"[lemma=""Pessimismus"" & tag=""NN""] within <s/>"
Philatelist,,Philatel,NN,145,0,1,,Philatelismus,NN,,-ist,"[lemma=""Philatelismus"" & tag=""NN""] within <s/>"
Physiognomist,,Physiognom,NN,4,216,1,,Physiognomie,NN,,-ist,"[lemma=""Physiognomie"" & tag=""NN""] within <s/>"
Pietist,,Piet,NN,93,217,1,,Pietismus,NN,,-ist,"[lemma=""Pietismus"" & tag=""NN""] within <s/>"
Polytheist,,Polythe,NN,47,129,1,,Polytheismus,NN,,-ist,"[lemma=""Polytheismus"" & tag=""NN""] within <s/>"
Populist,,Popul,NN,286,679,1,,Populismus,NN,,-ist,"[lemma=""Populismus"" & tag=""NN""] within <s/>"
Posaunist,,Posaun,NN,213,1040,1,,Posaune,NN,,-ist,"[lemma=""Posaune"" & tag=""NN""] within <s/>"
Prokurist,,Prokur,NN,491,0,1,,Prokurismus,NN,,-ist,"[lemma=""Prokurismus"" & tag=""NN""] within <s/>"
Protagonist,,Protagon,NN,6661,0,1,,Protagonismus,NN,,-ist,"[lemma=""Protagonismus"" & tag=""NN""] within <s/>"
Rassist,,Rass,NN,949,16267,1,,Rasse,NN,,-ist,"[lemma=""Rasse"" & tag=""NN""] within <s/>"
Regenerist,,Regener,NN,11,0,1,,Regenerismus,NN,,-ist,"[lemma=""Regenerismus"" & tag=""NN""] within <s/>"
Reteleist,,Retele,NN,1,0,1,,Reteleismus,NN,,-ist,"[lemma=""Reteleismus"" & tag=""NN""] within <s/>"
Rigorist,,Rigor,NN,2,54,1,,Rigorismus,NN,,-ist,"[lemma=""Rigorismus"" & tag=""NN""] within <s/>"
Rotarmist,,Rotarm,NN,95,0,1,,Rotarmismus,NN,,-ist,"[lemma=""Rotarmismus"" & tag=""NN""] within <s/>"
Sadist,,Sad,NN,256,226,1,,Sadismus,NN,,-ist,"[lemma=""Sadismus"" & tag=""NN""] within <s/>"
Sadomasochist,,Sadomasoch,NN,40,100,1,,Sadomasochismus,NN,,-ist,"[lemma=""Sadomasochismus"" & tag=""NN""] within <s/>"
Solipsist,,Solips,NN,54,104,1,,Solipsismus,NN,,-ist,"[lemma=""Solipsismus"" & tag=""NN""] within <s/>"
Solist,,Sol,NN,2560,4607,1,,Solo,NN,,-ist,"[lemma=""Solo"" & tag=""NN""] within <s/>"
Sophist,,Soph,NN,172,25,1,,Sophismus,NN,,-ist,"[lemma=""Sophismus"" & tag=""NN""] within <s/>"
Spartakist,,Spartak,NN,32,0,1,,Spartakismus,NN,,-ist,"[lemma=""Spartakismus"" & tag=""NN""] within <s/>"
Spiritualist,,Spiritual,NN,48,46,1,,Spiritualismus,NN,,-ist,"[lemma=""Spiritualismus"" & tag=""NN""] within <s/>"
Stalinist,,Stalin,NN,115,494,1,,Stalinismus,NN,,-ist,"[lemma=""Stalinismus"" & tag=""NN""] within <s/>"
Strukturalist,,Struktural,NN,20,38983,1,,Struktur,NN,,-ist,"[lemma=""Struktur"" & tag=""NN""] within <s/>"
Syndikalist,,Syndikal,NN,40,42,1,,Syndikalismus,NN,,-ist,"[lemma=""Syndikalismus"" & tag=""NN""] within <s/>"
Synergist,,Synerg,NN,14,1610,1,,Synergie,NN,,-ist,"[lemma=""Synergie"" & tag=""NN""] within <s/>"
Theist,,The,NN,93,119,1,,Theismus,NN,,-ist,"[lemma=""Theismus"" & tag=""NN""] within <s/>"
Thomist,,Thom,NN,20,0,1,,Thomismus,NN,,-ist,"[lemma=""Thomismus"" & tag=""NN""] within <s/>"
Trappist,,Trapp,NN,36,0,1,,Trappismus,NN,,-ist,"[lemma=""Trappismus"" & tag=""NN""] within <s/>"
Trotzkist,,Trotzk,NN,118,19,1,,Trotzkismus,NN,,-ist,"[lemma=""Trotzkismus"" & tag=""NN""] within <s/>"
Utopist,,Utop,NN,136,3080,1,,Utopie,NN,,-ist,"[lemma=""Utopie"" & tag=""NN""] within <s/>"
Violinist,,Violin,NN,136,1665,1,,Violine,NN,,-ist,"[lemma=""Violine"" & tag=""NN""] within <s/>"
Voluntarist,,Voluntar,NN,2,37,1,,Voluntarismus,NN,,-ist,"[lemma=""Voluntarismus"" & tag=""NN""] within <s/>"
Zapatist,,Zapat,NN,92,29,1,,Zapatismus,NN,,-ist,"[lemma=""Zapatismus"" & tag=""NN""] within <s/>"
Zentrist,,Zentr,NN,19,8,1,,Zentrismus,NN,,-ist,"[lemma=""Zentrismus"" & tag=""NN""] within <s/>"
Ambiguität,,ambigu,ADJ.,71,17,1,,ambig,ADJ.,,-itaet,"[lemma=""ambig"" & tag=""ADJ.""] within <s/>"
Amoralität,,amoral,ADJ.,18,115,1,,amoralisch,ADJ.,,-itaet,"[lemma=""amoralisch"" & tag=""ADJ.""] within <s/>"
Diskontinuität,,diskontinu,ADJ.,203,167,1,,diskontinuierlich,ADJ.,,-itaet,"[lemma=""diskontinuierlich"" & tag=""ADJ.""] within <s/>"
Familiarität,,familiar,ADJ.,8,7302,1,,familiär,ADJ.,,-itaet,"[lemma=""familiär"" & tag=""ADJ.""] within <s/>"
Generosität,,generos,ADJ.,16,196,1,,generös,ADJ.,,-itaet,"[lemma=""generös"" & tag=""ADJ.""] within <s/>"
Identität,,ident,ADJ.,14501,12402,1,,identisch,ADJ.,,-itaet,"[lemma=""identisch"" & tag=""ADJ.""] within <s/>"
Irregularität,,irregular,ADJ.,17,439,1,,irregulär,ADJ.,,-itaet,"[lemma=""irregulär"" & tag=""ADJ.""] within <s/>"
Kontinuität,,kontinu,ADJ.,3398,16505,1,,kontinuierlich,ADJ.,,-itaet,"[lemma=""kontinuierlich"" & tag=""ADJ.""] within <s/>"
Monstrosität,,monstros,ADJ.,82,865,1,,monströs,ADJ.,,-itaet,"[lemma=""monströs"" & tag=""ADJ.""] within <s/>"
Moralität,,moral,ADJ.,230,12912,1,,moralisch,ADJ.,,-itaet,"[lemma=""moralisch"" & tag=""ADJ.""] within <s/>"
Musikalität,,musikal,ADJ.,457,32725,1,,musikalisch,ADJ.,,-itaet,"[lemma=""musikalisch"" & tag=""ADJ.""] within <s/>"
Nervosität,,nervos,ADJ.,1957,6800,1,,nervös,ADJ.,,-itaet,"[lemma=""nervös"" & tag=""ADJ.""] within <s/>"
Religiosität,,religios,ADJ.,1035,24547,1,,religiös,ADJ.,,-itaet,"[lemma=""religiös"" & tag=""ADJ.""] within <s/>"
Reziprozität,,reziproz,ADJ.,116,298,1,,reziprok,ADJ.,,-itaet,"[lemma=""reziprok"" & tag=""ADJ.""] within <s/>"
Seriosität,,serios,ADJ.,788,10525,1,,seriös,ADJ.,,-itaet,"[lemma=""seriös"" & tag=""ADJ.""] within <s/>"
Solidarität,,solidar,ADJ.,8229,3615,1,,solidarisch,ADJ.,,-itaet,"[lemma=""solidarisch"" & tag=""ADJ.""] within <s/>"
Spezifität,,spezif,ADJ.,290,17120,1,,spezifisch,ADJ.,,-itaet,"[lemma=""spezifisch"" & tag=""ADJ.""] within <s/>"
Spontaneität,,spontane,ADJ.,652,17831,1,,spontan,ADJ.,,-itaet,"[lemma=""spontan"" & tag=""ADJ.""] within <s/>"
Subsidiarität,,subsidiar,ADJ.,378,294,1,,subsidiär,ADJ.,,-itaet,"[lemma=""subsidiär"" & tag=""ADJ.""] within <s/>"
Vulgarität,,vulgar,ADJ.,25,723,1,,vulgär,ADJ.,,-itaet,"[lemma=""vulgär"" & tag=""ADJ.""] within <s/>"
Däumling,,däumen,VVINF,91,15218,1,,Daumen,NN,,-ling,"[lemma=""Daumen"" & tag=""NN""] within <s/>"
Ehrgeizling,,ehrgeizen,VVINF,22,3281,1,,Ehrgeiz,NN,,-ling,"[lemma=""Ehrgeiz"" & tag=""NN""] within <s/>"
Erdling,,erden,VVINF,109,58562,1,,Erde,NN,,-ling,"[lemma=""Erde"" & tag=""NN""] within <s/>"
Fäustling,,fäusten,VVINF,80,6572,1,,Faust,NN,,-ling,"[lemma=""Faust"" & tag=""NN""] within <s/>"
Günstling,,gunst,ADJ.,221,7410,1,,Gunst,NN,,-ling,"[lemma=""Gunst"" & tag=""NN""] within <s/>"
Haarling,,haaren,VVINF,63,37428,1,,Haar,NN,,-ling,"[lemma=""Haar"" & tag=""NN""] within <s/>"
Häuptling,,haupt,ADJ.,1441,3938,1,,Haupt,NN,,-ling,"[lemma=""Haupt"" & tag=""NN""] within <s/>"
Höfling,,hof,ADJ.,269,24143,1,,Hof,NN,,-ling,"[lemma=""Hof"" & tag=""NN""] within <s/>"
Kammerling,,kammeren,VVINF,2,8223,1,,Kammer,NN,,-ling,"[lemma=""Kammer"" & tag=""NN""] within <s/>"
Lüstling,,lüsten,VVINF,30,43832,1,,Lust,NN,,-ling,"[lemma=""Lust"" & tag=""NN""] within <s/>"
Nestling,,nesten,VVINF,105,6502,1,,Nest,NN,,-ling,"[lemma=""Nest"" & tag=""NN""] within <s/>"
Ritterling,,ritteren,VVINF,12,6752,1,,Ritter,NN,,-ling,"[lemma=""Ritter"" & tag=""NN""] within <s/>"
Römling,,römen,VVINF,8,17034,1,,Rom,N.,,-ling,"[lemma=""Rom"" & tag=""N.""] within <s/>"
Sämling,,sämen,VVINF,1,0,1,,Samen,NN,,-ling,"[lemma=""Samen"" & tag=""NN""] within <s/>"
Schößling,,schoßen,VVINF,43,7355,1,,schießen,VVINF,,-ling,"[lemma=""schießen"" & tag=""VVINF""] within <s/>"
Schreiberling,,schreiberen,VVINF,731,2966,1,,Schreiber,NN,,-ling,"[lemma=""Schreiber"" & tag=""NN""] within <s/>"
Silberling,,silberen,VVINF,706,11768,1,,Silber,NN,,-ling,"[lemma=""Silber"" & tag=""NN""] within <s/>"
Sprössling,,sprossen,VVINF,1055,232,1,,sprießen,VVINF,,-ling,"[lemma=""sprießen"" & tag=""VVINF""] within <s/>"
Winzling,,winz,ADJ.,345,0,1,,winzig,VVINF,,-ling,"[lemma=""winzig"" & tag=""VVINF""] within <s/>"
Witzling,,witzen,VVINF,9,13883,1,,Witz,NN,,-ling,"[lemma=""Witz"" & tag=""NN""] within <s/>"
Zögling,,zogen,VVINF,564,37817,1,,ziehen,VVINF,,-ling,"[lemma=""ziehen"" & tag=""VVINF""] within <s/>"
Begängnis,,begang,ADJ.,6,1373,1,,begangen,ADJ.,,-nis,"[lemma=""begangen"" & tag=""ADJ.""] within <s/>"
Bündnis,,bünden,VVINF,12314,32705,1,,Bund,NN,,-nis,"[lemma=""Bund"" & tag=""NN""] within <s/>"
Ärzteschaft,,Ärzte,NN,863,76097,1,,Arzt,NN,,-schaft,"[lemma=""Arzt"" & tag=""NN""] within <s/>"
Autorenschaft,,Autoren,NN,141,81320,1,,Autor,NN,,-schaft,"[lemma=""Autor"" & tag=""NN""] within <s/>"
Bauernschaft,,Bauern,NN,305,16590,1,,Bauer,NN,,-schaft,"[lemma=""Bauer"" & tag=""NN""] within <s/>"
Herrenschaft,,Herren,NN,0,179695,1,,Herr,NN,,-schaft,"[lemma=""Herr"" & tag=""NN""] within <s/>"
Schwesternschaft,,Schwestern,NN,135,28965,1,,Schwester,NN,,-schaft,"[lemma=""Schwester"" & tag=""NN""] within <s/>"
Selbstbeweihräucherung,,selbstbeweihräuchern,VVINF,224,33,1,,beweihräuchern,VVINF,,-ung,"[lemma=""beweihräuchern"" & tag=""VVINF""] within <s/>"
Erdrueckung,Erdrückung,erdruecken,VVINF,0,165,1,,erdrücken,VVINF,,-ung,"[lemma=""erdrücken"" & tag=""VVINF""] within <s/>"
Geschlechtergleichstellung,,geschlechtergleichstellen,VVINF,68,86,1,,gleichstellen,VVINF,,-ung,"[lemma=""gleichstellen"" & tag=""VVINF""] within <s/>"
Lehrgrabung,,lehrgraben,VVINF,19,837,1,,graben,VVINF,,-ung,"[lemma=""graben"" & tag=""VVINF""] within <s/>"
Seligpreisung,,seligpreisen,VVINF,184,26,1,,preisen,VVINF,,-ung,"[lemma=""preisen"" & tag=""VVINF""] within <s/>"
Abkoppelung,,abkoppelen,VVINF,93,130,1,,abkoppeln,VVINF,,-ung,"[lemma=""abkoppeln"" & tag=""VVINF""] within <s/>"
Bespitzelung,,bespitzelen,VVINF,279,88,1,,bespitzeln,VVINF,,-ung,"[lemma=""bespitzeln"" & tag=""VVINF""] within <s/>"
Bündelung,,bündelen,VVINF,965,1556,1,,bündeln,VVINF,,-ung,"[lemma=""bündeln"" & tag=""VVINF""] within <s/>"
Drosselung,,drosselen,VVINF,482,485,1,,drosseln,VVINF,,-ung,"[lemma=""drosseln"" & tag=""VVINF""] within <s/>"
Einigelung,,einigelen,VVINF,7,0,1,,einigeln,VVINF,,-ung,"[lemma=""einigeln"" & tag=""VVINF""] within <s/>"
Entfesselung,,entfesselen,VVINF,154,128,1,,entfesseln,VVINF,,-ung,"[lemma=""entfesseln"" & tag=""VVINF""] within <s/>"
Entspiegelung,,entspiegelen,VVINF,81,0,1,,entspiegeln,VVINF,,-ung,"[lemma=""entspiegeln"" & tag=""VVINF""] within <s/>"
Entstapelung,,entstapelen,VVINF,1,0,1,,entstapeln,VVINF,,-ung,"[lemma=""entstapeln"" & tag=""VVINF""] within <s/>"
Genugtuung,,genugtuen,VVINF,1134,0,1,,genugtun,VVINF,,-ung,"[lemma=""genugtun"" & tag=""VVINF""] within <s/>"
Hoffnung,,hoffnen,VVINF,40562,13650,1,,hoffen,VVINF,,-ung,"[lemma=""hoffen"" & tag=""VVINF""] within <s/>"
Regelung,,regelen,VVINF,32846,5315,1,,regeln,VVINF,,-ung,"[lemma=""regeln"" & tag=""VVINF""] within <s/>"
Sockelung,,sockelen,VVINF,10,0,1,,sockeln,VVINF,,-ung,"[lemma=""sockeln"" & tag=""VVINF""] within <s/>"
Spiegelung,,spiegelen,VVINF,1392,587,1,,spiegeln,VVINF,,-ung,"[lemma=""spiegeln"" & tag=""VVINF""] within <s/>"
Ummantelung,,ummantelen,VVINF,225,41,1,,ummanteln,VVINF,,-ung,"[lemma=""ummanteln"" & tag=""VVINF""] within <s/>"
Umzingelung,,umzingelen,VVINF,50,60,1,,umzingeln,VVINF,,-ung,"[lemma=""umzingeln"" & tag=""VVINF""] within <s/>"
Verdoppelung,,verdoppeeln,VVINF,803,1390,1,,verdoppeln,VVINF,,-ung,"[lemma=""verdoppeln"" & tag=""VVINF""] within <s/>"
Verkabelung,,verkabelen,VVINF,1179,139,1,,verkabeln,VVINF,,-ung,"[lemma=""verkabeln"" & tag=""VVINF""] within <s/>"
Verriegelung,,verriegeeln,VVINF,365,121,1,,verriegeln,VVINF,,-ung,"[lemma=""verriegeln"" & tag=""VVINF""] within <s/>"
Verschlüsselung,,verschlüsseeln,VVINF,2393,619,1,,verschlüsseln,VVINF,,-ung,"[lemma=""verschlüsseln"" & tag=""VVINF""] within <s/>"
Versiegelung,,versiegelen,VVINF,892,423,1,,versiegeln,VVINF,,-ung,"[lemma=""versiegeln"" & tag=""VVINF""] within <s/>"
Verwurzelung,,verwurzelen,VVINF,390,46,1,,verwurzeln,VVINF,,-ung,"[lemma=""verwurzeln"" & tag=""VVINF""] within <s/>"
Wickelung,,wickeeln,VVINF,15,757,1,,wickeln,VVINF,,-ung,"[lemma=""wickeln"" & tag=""VVINF""] within <s/>"
Zerstückelung,,zerstückeeln,VVINF,120,73,1,,zerstückeln,VVINF,,-ung,"[lemma=""zerstückeln"" & tag=""VVINF""] within <s/>"
