lemma,manual_lemma,unique_candidates,pos,lemma_freq,base_freq,true_lemma,true_base
Metamagnetismus,,Magnetik,NN,0,8,1,1.0
Altruismus,,altruistisch,ADJ.,260,307,1,1.0
Anachronismus,,anachronistisch,ADJ.,304,360,1,1.0
Animismus,,animistisch,ADJ.,105,115,1,1.0
Antagonismus,,antagonistisch,ADJ.,240,271,1,1.0
Dirigismus,,dirigistisch,ADJ.,37,53,1,1.0
Eskapismus,,eskapistisch,ADJ.,66,50,1,1.0
Euphemismus,,euphemistisch,ADJ.,269,209,1,1.0
Exorzismus,,exorzistisch,ADJ.,245,17,1,1.0
Exterminismus,,exterministisch,ADJ.,5,1,1,1.0
Feminismus,,feministisch,ADJ.,1293,2143,1,1.0
Hedonismus,,hedonistisch,ADJ.,152,268,1,1.0
Heterismus,,heteristisch,ADJ.,0,0,0,
Holismus,,holistisch,ADJ.,38,254,1,1.0
Indeterminismus,,indeterministisch,ADJ.,61,24,1,1.0
Interaktionismus,,Interaktion,ADJ.,24,0,0,
Interventionismus,,Intervention,ADJ.,66,0,0,
Katechismus,,katechetisch,ADJ.,580,133,1,1.0
Konservatismus,,konservativ,ADJ.,302,8160,1,1.0
Korporatismus,,korporatistisch,ADJ.,36,60,1,1.0
Laizismus,,laizistisch,ADJ.,154,242,1,1.0
Nepotismus,,nepotistisch,ADJ.,44,0,0,
Pessimismus,,pessimistisch,ADJ.,586,1321,1,1.0
Pointillismus,,pointillistisch,ADJ.,16,13,1,1.0
Polytheismus,,polytheistisch,ADJ.,129,80,1,1.0
Populismus,,populistisch,ADJ.,679,1260,1,1.0
Sadismus,,sadistisch,ADJ.,226,657,1,1.0
Sadomasochismus,,sadomasochistisch,ADJ.,100,104,1,1.0
Solipsismus,,solipsistisch,ADJ.,104,38,1,1.0
Sophismus,,sophistisch,ADJ.,25,84,1,1.0
Syllogismus,,syllogistisch,ADJ.,28,8,1,1.0
Theismus,,theistisch,ADJ.,119,121,1,1.0
Verismus,,veristisch,ADJ.,5382,6,1,1.0
Voyeurismus,,voyeuristisch,ADJ.,223,196,1,1.0
Atavismus,,Atav,N.,30,0,0,
Bonapartismus,,Bonapart,N.,22,0,0,
Buddhismus,,Buddha,N.,3151,2982,1,1.0
Calvinismus,,Calvin,N.,132,1533,1,1.0
Chartismus,,Chart,N.,26,5434,1,1.0
Chauvinismus,,Chauvin,N.,224,21,1,1.0
Dadaismus,,Dada,N.,138,355,1,1.0
Darwinismus,,Darwin,N.,230,2549,1,1.0
Defaitismus,,Defait,N.,8,0,0,
Fauvismus,,Fauv,N.,25,0,0,
Fordismus,,Ford,N.,110,10142,1,1.0
Gaullismus,,Gaul,N.,2,847,1,1.0
Hinduismus,,Hindu,N.,900,955,1,1.0
Leninismus,,Lenin,N.,126,1953,1,1.0
Machiavellismus,,Machiavelli,N.,29,236,1,1.0
Maoismus,,Mao,N.,36,1012,1,1.0
Marxismus,,Marx,N.,1169,6943,1,1.0
Peronismus,,Peron,N.,14,103,1,1.0
Petrarkismus,,Petrark,N.,3,0,0,
Pietismus,,Piet,N.,217,459,1,1.0
Platonismus,,Platon,N.,74,2066,1,1.0
Satanismus,,Satan,N.,380,3445,1,1.0
Spinozismus,,Spinoz,N.,11,0,0,
Stalinismus,,Stalin,N.,494,2918,1,1.0
Trotzkismus,,Trotzki,N.,19,431,1,1.0
Abolitionismus,,Abolition,NN,14,16,1,1.0
Aktionismus,,Aktion,NN,827,73475,1,1.0
Alarmismus,,Alarm,NN,69,4409,1,1.0
Alkoholismus,,Alkohol,NN,780,18782,1,1.0
Aphorismus,,Aphor,NN,662,0,0,
Ästhetizismus,,Ästhetik,NN,52,4165,1,1.0
Atheismus,,Atheistik,NN,1065,1,1,1.0
Autismus,,Autistik,NN,896,0,0,
Avantgardismus,,Avantgarde,NN,24,1432,1,1.0
Behaviorismus,,Behavior,NN,95,0,0,
Determinismus,,Deterministik,NN,418,0,0,
Divisionismus,,Division,NN,5,3344,1,1.0
Dogmatismus,,Dogma,NN,223,2236,1,1.0
Egoismus,,Ego,NN,3185,3892,1,1.0
Equilibrismus,,Equilibrium,NN,8,157,1,1.0
Essayismus,,Essay,NN,9,3485,1,1.0
Etatismus,,Etat,NN,48,2024,1,1.0
Evolutionismus,,Evolution,NN,42,7052,1,1.0
Exhibitionismus,,Exhibition,NN,132,382,1,1.0
Expansionismus,,Expansion,NN,27,2707,1,1.0
Expressionismus,,Expression,NN,561,1107,1,1.0
Fetischismus,,Fetisch,NN,126,812,1,1.0
Feuilletonismus,,Feuilleton,NN,1,1027,1,1.0
Folklorismus,,Folklore,NN,7,1029,1,1.0
Futurismus,,Futur,NN,91,204,1,1.0
Historizismus,,Historik,NN,20,70,1,1.0
Hooliganismus,,Hooligan,NN,31,844,1,1.0
Hyperaktionismus,,Hyperaktion,NN,0,0,0,
Hyperandrogenismus,,Hyperandrogen,NN,1,0,0,
Hypogonadismus,,Hypogonad,NN,172,1,1,1.0
Idiotismus,,Idiot,NN,15,4969,1,1.0
Illusionismus,,Illusion,NN,24,6448,1,1.0
Impressionismus,,Impression,NN,286,2492,1,1.0
Islamismus,,Islam,NN,681,12935,1,1.0
Isolationismus,,Isolation,NN,31,2555,1,1.0
Jainismus,,Jain,NN,103,0,0,
Jesuitismus,,Jesuit,NN,9,983,1,1.0
Journalismus,,Journal,NN,3746,4048,1,1.0
Journalistismus,,Journalist,NN,0,19426,1,1.0
Kapitalismus,,Kapital,NN,8627,14254,1,1.0
Klientelismus,,Klientel,NN,42,2053,1,1.0
Kommunismus,,Kommune,NN,3657,18951,1,1.0
Konstruktionismus,,Konstruktion,NN,13,11430,1,1.0
Konsumismus,,Konsum,NN,60,7036,1,1.0
Kreationismus,,Kreation,NN,311,2254,1,1.0
Kretinismus,,Kretin,NN,53,108,1,1.0
Kritizismus,,Kritik,NN,54,47680,1,1.0
Lobbyismus,,Lobby,NN,631,3448,1,1.0
Manierismus,,Manier,NN,140,2595,1,1.0
Masochismus,,Masochistik,NN,310,0,0,
Meteorismus,,Meteor,NN,24,662,1,1.0
Militarismus,,Militär,NN,465,9070,1,1.0
Monopolismus,,Monopol,NN,12,2155,1,1.0
Mystizismus,,Mystik,NN,103,1419,1,1.0
Naturismus,,Natur,NN,16,67190,1,1.0
Nazismus,,Nazi,NN,458,11721,1,1.0
Nihilismus,,Nihilistik,NN,273,0,0,
Paganismus,,Pagan,NN,15,0,0,
Parasitismus,,Parasit,NN,36,2382,1,1.0
Pauperismus,,Pauper,NN,35,0,0,
Perfektionismus,,Perfektion,NN,347,2766,1,1.0
Praktizismus,,Praktik,NN,4,3270,1,1.0
Protektionismus,,Protektion,NN,239,180,1,1.0
Provinzialismus,,Provinzial,NN,49,706,1,1.0
Puritanismus,,Puritan,NN,37,0,0,
Quietismus,,Quiet,NN,14,0,0,
Rassismus,,Rasse,NN,6166,16267,1,1.0
Reaktionismus,,Reaktion,NN,5,31318,1,1.0
Reduktionismus,,Reduktion,NN,93,4425,1,1.0
Reformismus,,Reform,NN,127,13974,1,1.0
Revanchismus,,Revanche,NN,53,902,1,1.0
Rigorismus,,Rigor,NN,54,0,0,
Schintoismus,,Schinto,NN,7,0,0,
Sexismus,,Sex,NN,804,19530,1,1.0
Shintoismus,,Shinto,NN,39,0,0,
Sikhismus,,Sikh,NN,81,540,1,1.0
Simulationismus,,Simulation,NN,0,4988,1,1.0
Situationismus,,Situation,NN,5,91820,1,1.0
Snobismus,,Snob,NN,34,186,1,1.0
Spiritismus,,Spirit,NN,154,2725,1,1.0
Sufismus,,Sufi,NN,146,300,1,1.0
Syndikalismus,,Syndikat,NN,42,415,1,1.0
Taoismus,,Tao,NN,168,772,1,1.0
Technizismus,,Technik,NN,2,60849,1,1.0
Terrorismus,,Terror,NN,3658,6195,1,1.0
Tourismus,,Tour,NN,9490,38405,1,1.0
Transvestismus,,Transvestit,NN,22,271,1,1.0
Unionismus,,Union,NN,2,19750,1,1.0
Universismus,,Univers,NN,6,1354,1,1.0
Vaginismus,,Vagina,NN,30,728,1,1.0
Vampirismus,,Vampir,NN,89,6779,1,1.0
Vandalismus,,Vandal,NN,965,0,0,
Voluntarismus,,Voluntar,NN,37,0,0,
Zionismus,,Zion,NN,917,0,0,
Metamagnetismus,,Metamagnetik,NN,0,0,0,
Altruismus,,altruisch,ADJ.,260,0,0,
Anachronismus,,anachronisch,ADJ.,304,0,0,
Animismus,,animisch,ADJ.,105,0,0,
Antagonismus,,antagonisch,ADJ.,240,0,0,
Dirigismus,,dirigisch,ADJ.,37,0,0,
Eskapismus,,eskapisch,ADJ.,66,0,0,
Euphemismus,,euphemisch,ADJ.,269,0,0,
Exorzismus,,exorzisch,ADJ.,245,0,0,
Exterminismus,,exterminisch,ADJ.,5,0,0,
Feminismus,,feminisch,ADJ.,1255,0,0,
Hedonismus,,hedonisch,ADJ.,152,0,0,
Heterismus,,heterisch,ADJ.,0,0,0,
Holismus,,holisch,ADJ.,38,3,1,
Indeterminismus,,indeterminisch,ADJ.,61,0,0,
Interaktionismus,,Interaktionik,NN,24,0,0,
Interventionismus,,Interventionik,NN,66,0,0,
Katechismus,,katechisch,ADJ.,580,0,0,
Konservatismus,,konservatisch,ADJ.,302,0,0,
Korporatismus,,korporatisch,ADJ.,36,0,0,
Laizismus,,laisch,ADJ.,154,0,0,
Nepotismus,,nepotisch,ADJ.,44,0,0,
Pessimismus,,pessimisch,ADJ.,586,0,0,
Pointillismus,,pointillisch,ADJ.,16,0,0,
Polytheismus,,polytheisch,ADJ.,129,0,0,
Populismus,,populisch,ADJ.,679,0,0,
Sadismus,,sadisch,ADJ.,226,0,0,
Sadomasochismus,,sadomasochisch,ADJ.,100,0,0,
Solipsismus,,solipsisch,ADJ.,104,0,0,
Sophismus,,sophisch,ADJ.,25,0,0,
Syllogismus,,syllogisch,ADJ.,28,0,0,
Theismus,,theisch,ADJ.,119,0,0,
Verismus,,verisch,ADJ.,21,0,0,
Voyeurismus,,voyeurisch,ADJ.,223,1,1,
Atavismus,,Atavik,NN,30,0,0,
Bonapartismus,,Bonapartik,NN,22,0,0,
Buddhismus,,Buddhik,NN,3151,0,0,
Calvinismus,,Calvinik,NN,132,0,0,
Chartismus,,Chartik,NN,26,0,0,
Chauvinismus,,Chauvinik,NN,224,0,0,
Dadaismus,,Dadaik,NN,138,0,0,
Darwinismus,,Darwinik,NN,207,0,0,
Defaitismus,,Defaitik,NN,8,0,0,
Fauvismus,,Fauvik,NN,17,0,0,
Fordismus,,Fordik,NN,110,0,0,
Gaullismus,,Gaullik,NN,2,0,0,
Hinduismus,,Hinduik,NN,900,0,0,
Leninismus,,Leninik,NN,126,0,0,
Machiavellismus,,Machiavellik,NN,29,0,0,
Maoismus,,Maoik,NN,36,0,0,
Marxismus,,Marxik,NN,1167,0,0,
Peronismus,,Peronik,NN,14,0,0,
Petrarkismus,,Petrarkik,NN,3,0,0,
Pietismus,,Pietik,NN,217,0,0,
Platonismus,,Platonik,NN,74,0,0,
Satanismus,,Satanik,NN,380,0,0,
Spinozismus,,Spinozik,NN,11,0,0,
Stalinismus,,Stalinik,NN,494,0,0,
Trotzkismus,,Trotzkik,NN,19,0,0,
Abolitionismus,,Abolitionik,NN,14,0,0,
Aktionismus,,Aktionik,NN,827,0,0,
Alarmismus,,Alarmik,NN,60,0,0,
Alkoholismus,,Alkoholik,NN,780,166,1,
Aphorismus,,Aphorik,NN,662,0,0,
Ästhetizismus,,ästhetizik,NN,52,0,0,
Atheismus,,Atheik,NN,1065,0,0,
Autismus,,Autik,NN,896,0,0,
Avantgardismus,,Avantgardik,NN,24,0,0,
Behaviorismus,,Behaviorik,NN,95,0,0,
Determinismus,,Determinik,NN,418,0,0,
Divisionismus,,Divisionik,NN,5,0,0,
Dogmatismus,,Dogmatik,NN,217,488,1,
Egoismus,,Egoik,NN,3185,0,0,
Equilibrismus,,Equilibrik,NN,8,0,0,
Essayismus,,Essayik,NN,9,0,0,
Etatismus,,Etatik,NN,48,0,0,
Evolutionismus,,Evolutionik,NN,42,0,0,
Exhibitionismus,,Exhibitionik,NN,121,0,0,
Expansionismus,,Expansionik,NN,27,0,0,
Expressionismus,,Expressionik,NN,561,0,0,
Fetischismus,,Fetischik,NN,126,0,0,
Feuilletonismus,,Feuilletonik,NN,1,0,0,
Folklorismus,,Folklorik,NN,7,0,0,
Futurismus,,Futurik,NN,91,0,0,
Historizismus,,Historizik,NN,20,0,0,
Hooliganismus,,Hooliganik,NN,31,0,0,
Hyperaktionismus,,Hyperaktionik,NN,0,0,0,
Hyperandrogenismus,,Hyperandrogenik,NN,1,0,0,
Hypogonadismus,,Hypogonadik,NN,89,0,0,
Idiotismus,,Idiotik,NN,15,0,0,
Illusionismus,,Illusionik,NN,24,0,0,
Impressionismus,,Impressionik,NN,286,0,0,
Islamismus,,Islamik,NN,681,0,0,
Isolationismus,,Isolationik,NN,31,0,0,
Jainismus,,Jainik,NN,103,0,0,
Jesuitismus,,Jesuitik,NN,9,0,0,
Journalismus,,Journalik,NN,3745,0,0,
Journalistismus,,Journalistik,NN,0,298,1,
Kapitalismus,,Kapitalik,NN,8421,0,0,
Klientelismus,,Klientelik,NN,42,0,0,
Kommunismus,,Kommunik,NN,3365,19,1,
Konstruktionismus,,Konstruktionik,NN,13,0,0,
Konsumismus,,Konsumik,NN,60,0,0,
Kreationismus,,Kreationik,NN,311,0,0,
Kretinismus,,Kretinik,NN,44,0,0,
Kritizismus,,Kritizik,NN,54,0,0,
Lobbyismus,,Lobbyik,NN,631,0,0,
Manierismus,,Manierik,NN,140,0,0,
Masochismus,,Masochik,NN,310,0,0,
Meteorismus,,Meteorik,NN,24,0,0,
Militarismus,,Militarik,NN,465,0,0,
Monopolismus,,Monopolik,NN,12,0,0,
Mystizismus,,Mystizik,NN,103,0,0,
Naturismus,,Naturik,NN,16,0,0,
Nazismus,,Nazik,NN,174,0,0,
Nihilismus,,Nihilik,NN,273,0,0,
Paganismus,,Paganik,NN,15,0,0,
Parasitismus,,Parasitik,NN,36,0,0,
Pauperismus,,Pauperik,NN,35,0,0,
Perfektionismus,,Perfektionik,NN,347,0,0,
Praktizismus,,Praktizik,NN,4,0,0,
Protektionismus,,Protektionik,NN,239,0,0,
Provinzialismus,,Provinzialik,NN,49,0,0,
Puritanismus,,Puritanik,NN,37,0,0,
Quietismus,,Quietik,NN,14,0,0,
Rassismus,,Rassik,NN,6023,0,0,
Reaktionismus,,Reaktionik,NN,5,0,0,
Reduktionismus,,Reduktionik,NN,93,0,0,
Reformismus,,Reformik,NN,127,0,0,
Revanchismus,,Revanchik,NN,53,0,0,
Rigorismus,,Rigorik,NN,54,0,0,
Schintoismus,,Schintoik,NN,7,0,0,
Sexismus,,Sexik,NN,781,1,1,
Shintoismus,,Shintoik,NN,39,0,0,
Sikhismus,,Sikhik,NN,81,0,0,
Simulationismus,,Simulationik,NN,0,0,0,
Situationismus,,Situationik,NN,5,0,0,
Snobismus,,Snobik,NN,34,0,0,
Spiritismus,,Spiritik,NN,154,0,0,
Sufismus,,Sufik,NN,146,0,0,
Syndikalismus,,Syndikalik,NN,42,0,0,
Taoismus,,Taoik,NN,168,0,0,
Technizismus,,Technizik,NN,2,0,0,
Terrorismus,,Terrorik,NN,3654,0,0,
Tourismus,,Tourik,NN,9473,0,0,
Transvestismus,,Transvestik,NN,60,0,0,
Unionismus,,Unionik,NN,2,0,0,
Universismus,,Universik,NN,6,0,0,
Vaginismus,,Vaginik,NN,30,0,0,
Vampirismus,,Vampirik,NN,89,0,0,
Vandalismus,,Vandalik,NN,965,0,0,
Voluntarismus,,Voluntarik,NN,37,0,0,
Zionismus,,Zionik,NN,760,0,0,
Protestantismus,,protestantisch,ADJ.,900,2646,1,1.0
Syndikalismus,,syndikal,ADJ.,42,0,0,
Syndikalismus,,syndikell,ADJ.,42,0,0,
Syndikalismus,,syndikalisch,ADJ.,42,0,0,
Kapitalismus,,kapital,ADJ.,8421,933,1,
Kapitalismus,,kapitell,ADJ.,8421,0,0,
Kapitalismus,,kapitalisch,ADJ.,8421,4,1,
Journalismus,,journal,ADJ.,3745,0,0,
Journalismus,,journell,ADJ.,3745,0,0,
Journalismus,,journalisch,ADJ.,3745,0,0,
Zentralismus,,zentral,ADJ.,267,52527,1,1.0
Zentralismus,,zentrell,ADJ.,267,0,0,
Zentralismus,,zentralisch,ADJ.,267,1,1,
Zentralismus,,Zentralik,NN,267,0,0,
Sozialismus,,sozial,ADJ.,11019,102908,1,1.0
Sozialismus,,soziell,ADJ.,5658,0,0,
Sozialismus,,sozialisch,ADJ.,5658,0,0,
Sozialismus,,Sozialik,NN,5658,0,0,
Antirealismus,,antireell,ADJ.,8,0,0,
Antirealismus,,antirealisch,ADJ.,8,0,0,
Antirealismus,,Antirealik,NN,8,0,0,
Feudalismus,,feudal,ADJ.,247,634,1,1.0
Feudalismus,,feudell,ADJ.,247,0,0,
Feudalismus,,feudalisch,ADJ.,270,0,0,
Feudalismus,,Feudalik,NN,247,0,0,
Realismus,,real,ADJ.,2624,25786,1,1.0
Realismus,,reell,ADJ.,2616,1579,1,
Realismus,,realisch,ADJ.,2616,0,0,
Realismus,,Realik,NN,2616,0,0,
Provinzialismus,,provinzial,ADJ.,49,24,1,
Provinzialismus,,provinziell,ADJ.,49,415,1,
Provinzialismus,,provinzialisch,ADJ.,49,6,1,
Nationalsozialismus,,nationalsoziell,ADJ.,5363,0,0,
Nationalsozialismus,,nationalsozialisch,ADJ.,5361,0,0,
Nationalsozialismus,,Nationalsozialik,NN,5361,0,0,
Dualismus,,dual,ADJ.,394,3849,1,1.0
Dualismus,,duell,ADJ.,394,0,0,
Dualismus,,dualisch,ADJ.,394,0,0,
Dualismus,,Dualik,NN,394,0,0,
Surrealismus,,surreal,ADJ.,368,927,1,1.0
Surrealismus,,surreell,ADJ.,368,0,0,
Surrealismus,,surrealisch,ADJ.,368,0,0,
Surrealismus,,Surrealik,NN,368,0,0,
Klerikalismus,,klerikal,ADJ.,39,312,1,1.0
Klerikalismus,,klerikell,ADJ.,30,0,0,
Klerikalismus,,klerikalisch,ADJ.,30,0,0,
Klerikalismus,,Klerikalik,NN,30,0,0,
Ionalismus,,ional,ADJ.,0,1,1,1.0
Ionalismus,,ionell,ADJ.,0,0,0,
Ionalismus,,ionalisch,ADJ.,0,0,0,
Ionalismus,,Ionalik,NN,0,0,0,
Parlamentarismus,,parlamentar,ADJ.,426,0,0,
Parlamentarismus,,parlamentär,ADJ.,426,0,0,
Parlamentarismus,,parlamentarisch,ADJ.,432,6372,1,1.0
Parlamentarismus,,Parlamentarik,NN,426,0,0,
Formalismus,,formal,ADJ.,304,8322,1,1.0
Formalismus,,formell,ADJ.,304,3101,1,
Formalismus,,formalisch,ADJ.,304,0,0,
Formalismus,,Formalik,NN,304,0,0,
Nationalismus,,national,ADJ.,1989,40127,1,1.0
Nationalismus,,nationell,ADJ.,1978,5,1,
Nationalismus,,nationalisch,ADJ.,1978,0,0,
Nationalismus,,Nationalik,NN,1978,0,0,
Militarismus,,militar,ADJ.,465,0,0,
Militarismus,,militär,ADJ.,465,0,0,
Militarismus,,militarisch,ADJ.,465,5,1,
Regionalismus,,regional,ADJ.,100,32728,1,1.0
Regionalismus,,regionell,ADJ.,100,5,1,
Regionalismus,,regionalisch,ADJ.,100,0,0,
Regionalismus,,Regionalik,NN,100,0,0,
Imperialismus,,imperial,ADJ.,1587,2279,1,1.0
Imperialismus,,imperiell,ADJ.,1504,0,0,
Imperialismus,,imperialisch,ADJ.,1504,0,0,
Imperialismus,,Imperialik,NN,1504,0,0,
Föderalismus,,föderal,ADJ.,589,756,1,1.0
Föderalismus,,föderell,ADJ.,589,0,0,
Föderalismus,,föderalisch,ADJ.,589,0,0,
Föderalismus,,Föderalik,NN,589,0,0,
Pluralismus,,plural,ADJ.,704,401,1,1.0
Pluralismus,,plurell,ADJ.,703,0,0,
Pluralismus,,pluralisch,ADJ.,909,3,1,
Pluralismus,,Pluralik,NN,703,0,0,
Liberalismus,,liberal,ADJ.,1678,6934,1,1.0
Liberalismus,,liberell,ADJ.,1386,0,0,
Liberalismus,,liberalisch,ADJ.,1386,0,0,
Liberalismus,,Liberalik,NN,1386,0,0,
Kolonialismus,,kolonial,ADJ.,616,1333,1,1.0
Kolonialismus,,koloniell,ADJ.,607,0,0,
Kolonialismus,,kolonialisch,ADJ.,607,0,0,
Kolonialismus,,Kolonialik,NN,607,0,0,
Individualismus,,individual,ADJ.,684,618,1,
Individualismus,,individuell,ADJ.,684,72685,1,1.0
Individualismus,,individualisch,ADJ.,684,0,0,
Individualismus,,Individualik,NN,684,0,0,
Vandalismus,,vandal,ADJ.,965,0,0,
Vandalismus,,vandell,ADJ.,965,0,0,
Vandalismus,,vandalisch,ADJ.,1249,8,1,
itarismus,,itar,ADJ.,0,0,0,
itarismus,,itär,ADJ.,0,0,0,
itarismus,,itarisch,ADJ.,0,0,0,
itarismus,,Itarik,NN,0,0,0,
Vegetarismus,,vegetar,ADJ.,282,0,0,
Vegetarismus,,vegetär,ADJ.,282,0,0,
Vegetarismus,,vegetarisch,ADJ.,282,3070,1,1.0
Vegetarismus,,Vegetarik,NN,282,0,0,
Ästhetizismus,,ästhetiz,ADJ.,52,0,0,
Ästhetizismus,,ästhetizisch,ADJ.,52,0,0,
Ästhetizismus,,ästhetisch,ADJ.,195,8081,1,
Rationalismus,,rational,ADJ.,367,5072,1,1.0
Rationalismus,,rationell,ADJ.,367,1016,1,
Rationalismus,,rationalisch,ADJ.,367,0,0,
Rationalismus,,Rationalik,NN,367,0,0,
Funktionalismus,,funktional,ADJ.,113,4540,1,1.0
Funktionalismus,,funktionell,ADJ.,113,3769,1,
Funktionalismus,,funktionalisch,ADJ.,136,0,0,
Funktionalismus,,Funktionalik,NN,113,0,0,
Antinaturalismus,,antinaturell,ADJ.,2,0,0,
Antinaturalismus,,antinaturalisch,ADJ.,2,0,0,
Antinaturalismus,,Antinaturalik,NN,2,0,0,
Katholizismus,,katholiz,ADJ.,998,0,0,
Katholizismus,,katholizisch,ADJ.,998,0,0,
Katholizismus,,katholisch,ADJ.,998,26878,1,1.0
Katholizismus,,Katholizik,NN,998,0,0,
Existentialismus,,existential,ADJ.,79,18,1,1.0
Existentialismus,,existentiell,ADJ.,79,3100,1,
Existentialismus,,existentialisch,ADJ.,83,0,0,
Existentialismus,,Existentialik,NN,96,0,0,
Klassizismus,,klassiz,ADJ.,399,0,0,
Klassizismus,,klassizisch,ADJ.,399,0,0,
Klassizismus,,klassisch,ADJ.,399,48154,1,1.0
Klassizismus,,Klassizik,NN,399,0,0,
Idealismus,,ideal,ADJ.,1404,34401,1,1.0
Idealismus,,ideell,ADJ.,1404,1717,1,
Idealismus,,idealisch,ADJ.,1404,0,0,
Idealismus,,Idealik,NN,1561,0,0,
Hospitalismus,,hospital,ADJ.,34,0,0,
Hospitalismus,,hospitell,ADJ.,34,0,0,
Hospitalismus,,hospitalisch,ADJ.,34,1,1,1.0
Hospitalismus,,Hospitalik,NN,34,0,0,
Moralismus,,moral,ADJ.,47,0,0,
Moralismus,,morell,ADJ.,47,0,0,
Moralismus,,moralisch,ADJ.,47,12912,1,1.0
Moralismus,,Moralik,NN,47,0,0,
Materialismus,,material,ADJ.,958,1143,1,1.0
Materialismus,,materiell,ADJ.,957,10867,1,
Materialismus,,materialisch,ADJ.,957,3,1,
Materialismus,,Materialik,NN,957,0,0,
Minimalismus,,minimal,ADJ.,251,40013,1,1.0
Minimalismus,,minimell,ADJ.,251,0,0,
Minimalismus,,minimalisch,ADJ.,251,0,0,
Minimalismus,,Minimalik,NN,251,0,0,
Protonationalismus,,protonationell,ADJ.,1,0,0,
Protonationalismus,,protonationalisch,ADJ.,1,0,0,
Protonationalismus,,Protonationalik,NN,1,0,0,
Antiimperialismus,,antiimperiell,ADJ.,83,0,0,
Antiimperialismus,,antiimperialisch,ADJ.,83,0,0,
Antiimperialismus,,Antiimperialik,NN,83,0,0,
Radikalismus,,radikal,ADJ.,183,10687,1,1.0
Radikalismus,,radikell,ADJ.,183,0,0,
Radikalismus,,radikalisch,ADJ.,183,41,1,
Radikalismus,,Radikalik,NN,183,0,0,
Totalitarismus,,totalitar,ADJ.,547,0,0,
Totalitarismus,,totalitär,ADJ.,560,1786,1,1.0
Totalitarismus,,totalitarisch,ADJ.,547,0,0,
Totalitarismus,,Totalitarik,NN,547,0,0,
Internationalismus,,international,ADJ.,294,115986,1,1.0
Internationalismus,,internationell,ADJ.,294,1,1,
Internationalismus,,internationalisch,ADJ.,294,0,0,
Internationalismus,,Internationalik,NN,294,0,0,
Fundamentalismus,,fundamental,ADJ.,965,3824,1,1.0
Fundamentalismus,,fundamentell,ADJ.,965,1,1,
Fundamentalismus,,fundamentalisch,ADJ.,965,4,1,
Fundamentalismus,,Fundamentalik,NN,965,0,0,
Irrationalismus,,irrational,ADJ.,64,1617,1,1.0
Irrationalismus,,irrationell,ADJ.,64,7,1,
Irrationalismus,,irrationalisch,ADJ.,64,0,0,
Irrationalismus,,Irrationalik,NN,64,0,0,
Strukturalismus,,struktural,ADJ.,146,49,1,1.0
Strukturalismus,,strukturell,ADJ.,146,6688,1,
Strukturalismus,,strukturalisch,ADJ.,146,0,0,
Strukturalismus,,Strukturalik,NN,146,0,0,
Anglizismus,,angliz,ADJ.,581,0,0,
Anglizismus,,anglizisch,ADJ.,581,0,0,
Anglizismus,,anglisch,ADJ.,581,2,1,1.0
Anglizismus,,Anglizik,NN,581,0,0,
Barbarismus,,barbar,ADJ.,6,5,1,
Barbarismus,,barbär,ADJ.,6,0,0,
Barbarismus,,barbarisch,ADJ.,6,1115,1,1.0
Barbarismus,,Barbarik,NN,6,0,0,
Naturalismus,,natural,ADJ.,424,1501,1,1.0
Naturalismus,,naturell,ADJ.,422,79,1,
Naturalismus,,naturalisch,ADJ.,422,0,0,
Naturalismus,,Naturalik,NN,422,0,0,
Antiklerikalismus,,antiklerikell,ADJ.,9,0,0,
Antiklerikalismus,,antiklerikalisch,ADJ.,9,0,0,
Antiklerikalismus,,Antiklerikalik,NN,9,0,0,
Elementarismus,,elementar,ADJ.,2,5179,1,1.0
Elementarismus,,elementär,ADJ.,2,0,0,
Elementarismus,,elementarisch,ADJ.,2,15,1,
Elementarismus,,Elementarik,NN,2,0,0,
Antikapitalismus,,antikapitell,ADJ.,200,0,0,
Antikapitalismus,,antikapitalisch,ADJ.,200,0,0,
Antikapitalismus,,Antikapitalik,NN,200,0,0,
Unitarismus,,unitar,ADJ.,13,0,0,
Unitarismus,,unitär,ADJ.,13,0,0,
Unitarismus,,unitarisch,ADJ.,13,52,1,1.0
Unitarismus,,Unitarik,NN,13,0,0,
Paternalismus,,paternal,ADJ.,71,11,1,1.0
Paternalismus,,paternell,ADJ.,71,0,0,
Paternalismus,,paternalisch,ADJ.,71,0,0,
Paternalismus,,Paternalik,NN,71,0,0,
Fatalismus,,fatal,ADJ.,195,5158,1,1.0
Fatalismus,,fatell,ADJ.,195,0,0,
Fatalismus,,fatalisch,ADJ.,195,0,0,
Fatalismus,,Fatalik,NN,195,0,0,
Legalismus,,legal,ADJ.,22,10275,1,1.0
Legalismus,,legell,ADJ.,22,0,0,
Legalismus,,legalisch,ADJ.,22,0,0,
Legalismus,,Legalik,NN,22,0,0,
Voluntarismus,,voluntar,ADJ.,37,0,0,
Voluntarismus,,voluntär,ADJ.,37,0,0,
Voluntarismus,,voluntarisch,ADJ.,37,0,0,
Skeptizismus,,skeptiz,ADJ.,207,0,0,
Skeptizismus,,skeptizisch,ADJ.,207,0,0,
Skeptizismus,,skeptisch,ADJ.,207,7469,1,1.0
Skeptizismus,,Skeptizik,NN,207,0,0,
Attizismus,,attiz,ADJ.,1,0,0,
Attizismus,,attizisch,ADJ.,1,0,0,
Attizismus,,attisch,ADJ.,1,177,1,1.0
Attizismus,,Attizik,NN,1,0,0,
Laizismus,,laiz,ADJ.,154,0,0,
Laizismus,,laizisch,ADJ.,154,0,0,
Laizismus,,Laizik,NN,154,0,0,
Kannibalismus,,kannibal,ADJ.,308,0,0,
Kannibalismus,,kannibell,ADJ.,308,0,0,
Kannibalismus,,kannibalisch,ADJ.,308,70,1,1.0
Kannibalismus,,Kannibalik,NN,308,0,0,
Orientalismus,,oriental,ADJ.,71,385,1,1.0
Orientalismus,,orientell,ADJ.,71,0,0,
Orientalismus,,orientalisch,ADJ.,71,3059,1,
Orientalismus,,Orientalik,NN,71,0,0,
Eklektizismus,,eklektiz,ADJ.,63,0,0,
Eklektizismus,,eklektizisch,ADJ.,63,0,0,
Eklektizismus,,eklektisch,ADJ.,63,129,1,1.0
Eklektizismus,,Eklektizik,NN,63,0,0,
Universalismus,,universal,ADJ.,132,1817,1,
Universalismus,,universell,ADJ.,132,4745,1,1.0
Universalismus,,universalisch,ADJ.,132,0,0,
Universalismus,,Universalik,NN,132,0,0,
Aktualismus,,aktual,ADJ.,18,64,1,
Aktualismus,,aktuell,ADJ.,18,198957,1,1.0
Aktualismus,,aktualisch,ADJ.,18,0,0,
Aktualismus,,Aktualik,NN,18,0,0,
Monetarismus,,monetar,ADJ.,38,0,0,
Monetarismus,,monetär,ADJ.,38,1164,1,1.0
Monetarismus,,monetarisch,ADJ.,38,0,0,
Monetarismus,,Monetarik,NN,38,0,0,
Traditionalismus,,traditional,ADJ.,76,299,1,
Traditionalismus,,traditionell,ADJ.,76,36861,1,1.0
Traditionalismus,,traditionalisch,ADJ.,76,0,0,
Traditionalismus,,Traditionalik,NN,76,0,0,
Zarismus,,zar,ADJ.,40,0,0,
Zarismus,,zär,ADJ.,40,0,0,
Zarismus,,zarisch,ADJ.,40,16,1,1.0
Zarismus,,Zarik,NN,40,0,0,
Multikulturalismus,,multikultural,ADJ.,146,1,1,
Multikulturalismus,,multikulturell,ADJ.,146,1930,1,1.0
Multikulturalismus,,multikulturalisch,ADJ.,146,0,0,
Multikulturalismus,,Multikulturalik,NN,146,0,0,
Neoklassizismus,,neoklassiz,ADJ.,55,0,0,
Neoklassizismus,,neoklassizisch,ADJ.,55,0,0,
Neoklassizismus,,neoklassisch,ADJ.,55,166,1,1.0
Neoklassizismus,,Neoklassizik,NN,55,0,0,
Unrealismus,,unreal,ADJ.,5,639,1,1.0
Unrealismus,,unreell,ADJ.,5,8,1,
Unrealismus,,unrealisch,ADJ.,5,0,0,
Unrealismus,,Unrealik,NN,5,0,0,
Utilitarismus,,utilitar,ADJ.,135,0,0,
Utilitarismus,,utilitär,ADJ.,135,0,0,
Utilitarismus,,utilitarisch,ADJ.,135,0,0,
Utilitarismus,,Utilitarik,NN,135,0,0,
Gnostizismus,,gnostiz,ADJ.,23,0,0,
Gnostizismus,,gnostizisch,ADJ.,23,0,0,
Gnostizismus,,gnostisch,ADJ.,23,161,1,1.0
Gnostizismus,,Gnostizik,NN,23,0,0,
Sensualismus,,sensual,ADJ.,23,44,1,1.0
Sensualismus,,sensuell,ADJ.,23,19,1,
Sensualismus,,sensualisch,ADJ.,23,0,0,
Sensualismus,,Sensualik,NN,23,0,0,
Kritizismus,,kritiz,ADJ.,54,0,0,
Kritizismus,,kritizisch,ADJ.,54,0,0,
Kritizismus,,kritisch,ADJ.,54,38331,1,
Brutalismus,,brutal,ADJ.,10,10167,1,1.0
Brutalismus,,brutell,ADJ.,10,0,0,
Brutalismus,,brutalisch,ADJ.,10,0,0,
Brutalismus,,Brutalik,NN,10,0,0,
Stoizismus,,stoiz,ADJ.,27,0,0,
Stoizismus,,stoizisch,ADJ.,27,0,0,
Stoizismus,,stoisch,ADJ.,27,667,1,1.0
Stoizismus,,Stoizik,NN,27,0,0,
Transnationalismus,,transnational,ADJ.,21,1500,1,1.0
Transnationalismus,,transnationell,ADJ.,21,0,0,
Transnationalismus,,transnationalisch,ADJ.,21,0,0,
Transnationalismus,,Transnationalik,NN,21,0,0,
Mystizismus,,mystiz,ADJ.,103,0,0,
Mystizismus,,mystizisch,ADJ.,103,0,0,
Mystizismus,,mystisch,ADJ.,103,3127,1,
Royalismus,,royal,ADJ.,3,5433,1,1.0
Royalismus,,royell,ADJ.,3,0,0,
Royalismus,,royalisch,ADJ.,3,0,0,
Royalismus,,Royalik,NN,3,0,0,
Existenzialismus,,existenzial,ADJ.,59,18,1,1.0
Existenzialismus,,existenziell,ADJ.,59,6,1,
Existenzialismus,,existenzialisch,ADJ.,59,0,0,
Existenzialismus,,Existenzialik,NN,59,0,0,
Globalismus,,global,ADJ.,29,29783,1,1.0
Globalismus,,globell,ADJ.,28,0,0,
Globalismus,,globalisch,ADJ.,28,0,0,
Globalismus,,Globalik,NN,28,0,0,
Neokolonialismus,,neokolonial,ADJ.,46,79,1,1.0
Neokolonialismus,,neokoloniell,ADJ.,46,0,0,
Neokolonialismus,,neokolonialisch,ADJ.,46,0,0,
Neokolonialismus,,Neokolonialik,NN,46,0,0,
Spiritualismus,,spiritual,ADJ.,46,45,1,
Spiritualismus,,spirituell,ADJ.,46,7883,1,1.0
Spiritualismus,,spiritualisch,ADJ.,46,0,0,
Spiritualismus,,Spiritualik,NN,46,0,0,
Partikularismus,,partikular,ADJ.,60,185,1,1.0
Partikularismus,,partikulär,ADJ.,60,79,1,
Partikularismus,,partikularisch,ADJ.,60,0,0,
Partikularismus,,Partikularik,NN,60,0,0,
Unilateralismus,,unilateral,ADJ.,32,150,1,1.0
Unilateralismus,,unilaterell,ADJ.,32,0,0,
Unilateralismus,,unilateralisch,ADJ.,32,0,0,
Unilateralismus,,Unilateralik,NN,32,0,0,
Biblizismus,,bibliz,ADJ.,11,0,0,
Biblizismus,,biblizisch,ADJ.,11,0,0,
Biblizismus,,biblisch,ADJ.,11,6243,1,1.0
Biblizismus,,Biblizik,NN,11,0,0,
Transsexualismus,,transsexual,ADJ.,15,3,1,
Transsexualismus,,transsexuell,ADJ.,15,218,1,1.0
Transsexualismus,,transsexualisch,ADJ.,15,0,0,
Transsexualismus,,Transsexualik,NN,15,0,0,
Multilateralismus,,multilateral,ADJ.,48,523,1,1.0
Multilateralismus,,multilaterell,ADJ.,48,0,0,
Multilateralismus,,multilateralisch,ADJ.,48,0,0,
Multilateralismus,,Multilateralik,NN,48,0,0,
Ministerialismus,,ministerial,ADJ.,0,59,1,
Ministerialismus,,ministeriell,ADJ.,0,264,1,1.0
Ministerialismus,,ministerialisch,ADJ.,0,2,1,
Ministerialismus,,Ministerialik,NN,0,0,0,
Intellektualismus,,intellektual,ADJ.,47,3,1,
Intellektualismus,,intellektuell,ADJ.,59,5277,1,1.0
Intellektualismus,,intellektualisch,ADJ.,47,0,0,
Intellektualismus,,Intellektualik,NN,47,0,0,
Maximalismus,,maximal,ADJ.,5,49759,1,1.0
Maximalismus,,maximell,ADJ.,5,0,0,
Maximalismus,,maximalisch,ADJ.,5,0,0,
Maximalismus,,Maximalik,NN,5,0,0,
Bilateralismus,,bilateral,ADJ.,3,1809,1,1.0
Bilateralismus,,bilaterell,ADJ.,3,0,0,
Bilateralismus,,bilateralisch,ADJ.,3,0,0,
Bilateralismus,,Bilateralik,NN,3,0,0,
Subimperialismus,,subimperiell,ADJ.,0,0,0,
Subimperialismus,,subimperialisch,ADJ.,0,0,0,
Subimperialismus,,Subimperialik,NN,0,0,0,
Hyperkapitalismus,,hyperkapital,ADJ.,6,0,0,
Hyperkapitalismus,,hyperkapitell,ADJ.,6,0,0,
Hyperkapitalismus,,hyperkapitalisch,ADJ.,6,0,0,
Antiintellektualismus,,antiintellektual,ADJ.,12,0,0,
Antiintellektualismus,,antiintellektualisch,ADJ.,12,0,0,
Antiintellektualismus,,Antiintellektualik,NN,12,0,0,
Agnostizismus,,agnostiz,ADJ.,78,0,0,
Agnostizismus,,agnostizisch,ADJ.,78,0,0,
Agnostizismus,,agnostisch,ADJ.,78,81,1,1.0
Agnostizismus,,Agnostizik,NN,78,0,0,
Konfessionalismus,,konfessional,ADJ.,39,1,1,
Konfessionalismus,,konfessionell,ADJ.,39,1294,1,1.0
Konfessionalismus,,konfessionalisch,ADJ.,39,0,0,
Konfessionalismus,,Konfessionalik,NN,39,0,0,
Kontextualismus,,kontextual,ADJ.,7,14,1,
Kontextualismus,,kontextuell,ADJ.,7,171,1,1.0
Kontextualismus,,kontextualisch,ADJ.,7,0,0,
Kontextualismus,,Kontextualik,NN,7,0,0,
Thermalismus,,thermal,ADJ.,0,472,1,1.0
Thermalismus,,thermell,ADJ.,0,0,0,
Thermalismus,,thermalisch,ADJ.,0,0,0,
Thermalismus,,Thermalik,NN,0,0,0,
Solidarismus,,solidar,ADJ.,4,0,0,
Solidarismus,,solidär,ADJ.,4,0,0,
Solidarismus,,solidarisch,ADJ.,4,3615,1,1.0
Solidarismus,,Solidarik,NN,4,0,0,
Kommunalismus,,kommunal,ADJ.,12,15122,1,1.0
Kommunalismus,,kommunell,ADJ.,12,0,0,
Kommunalismus,,kommunalisch,ADJ.,12,0,0,
Kommunalismus,,Kommunalik,NN,12,0,0,
Lokalismus,,lokal,ADJ.,5,30111,1,1.0
Lokalismus,,lokell,ADJ.,5,0,0,
Lokalismus,,lokalisch,ADJ.,5,0,0,
Lokalismus,,Lokalik,NN,5,0,0,
Nominalismus,,nominal,ADJ.,49,1065,1,1.0
Nominalismus,,nominell,ADJ.,49,789,1,
Nominalismus,,nominalisch,ADJ.,49,0,0,
Nominalismus,,Nominalik,NN,49,0,0,
Intentionalismus,,intentional,ADJ.,6,186,1,1.0
Intentionalismus,,intentionell,ADJ.,6,4,1,
Intentionalismus,,intentionalisch,ADJ.,6,0,0,
Intentionalismus,,Intentionalik,NN,6,0,0,
Interkonfessionalismus,,interkonfessional,ADJ.,0,0,0,
Interkonfessionalismus,,interkonfessionell,ADJ.,0,68,1,1.0
Interkonfessionalismus,,interkonfessionalisch,ADJ.,0,0,0,
Interkonfessionalismus,,Interkonfessionalik,NN,0,0,0,
Situationalismus,,situational,ADJ.,2,14,1,1.0
Situationalismus,,situationell,ADJ.,2,5,1,
Situationalismus,,situationalisch,ADJ.,2,0,0,
Situationalismus,,Situationalik,NN,2,0,0,
Neutralismus,,neutral,ADJ.,5,12362,1,1.0
Neutralismus,,neutrell,ADJ.,5,0,0,
Neutralismus,,neutralisch,ADJ.,5,0,0,
Neutralismus,,Neutralik,NN,5,0,0,
Praktizismus,,praktiz,ADJ.,4,0,0,
Praktizismus,,praktizisch,ADJ.,4,0,0,
Praktizismus,,praktisch,ADJ.,4,67261,1,
Konzeptualismus,,konzeptual,ADJ.,16,1,1,
Konzeptualismus,,konzeptuell,ADJ.,16,482,1,1.0
Konzeptualismus,,konzeptualisch,ADJ.,16,0,0,
Konzeptualismus,,Konzeptualik,NN,16,0,0,
Antiliberalismus,,antiliberell,ADJ.,6,0,0,
Antiliberalismus,,antiliberalisch,ADJ.,6,0,0,
Antiliberalismus,,Antiliberalik,NN,6,0,0,
Dezentralismus,,dezentral,ADJ.,9,3929,1,1.0
Dezentralismus,,dezentrell,ADJ.,9,0,0,
Dezentralismus,,dezentralisch,ADJ.,9,0,0,
Dezentralismus,,Dezentralik,NN,9,0,0,
Industrialismus,,industrial,ADJ.,27,1285,1,
Industrialismus,,industriell,ADJ.,27,9481,1,1.0
Industrialismus,,industrialisch,ADJ.,27,0,0,
Industrialismus,,Industrialik,NN,27,0,0,
Vulgarismus,,vulgar,ADJ.,1,0,0,
Vulgarismus,,vulgär,ADJ.,1,723,1,1.0
Vulgarismus,,vulgarisch,ADJ.,1,0,0,
Vulgarismus,,Vulgarik,NN,1,0,0,
Antimaterialismus,,antimateriell,ADJ.,1,3,1,
Antimaterialismus,,antimaterialisch,ADJ.,1,0,0,
Antimaterialismus,,Antimaterialik,NN,1,0,0,
Ritualismus,,ritual,ADJ.,14,0,0,
Ritualismus,,rituell,ADJ.,14,1439,1,1.0
Ritualismus,,ritualisch,ADJ.,14,1,1,
Ritualismus,,Ritualik,NN,14,0,0,
Kulturalismus,,kultural,ADJ.,19,5,1,
Kulturalismus,,kulturell,ADJ.,19,30293,1,1.0
Kulturalismus,,kulturalisch,ADJ.,19,0,0,
Kulturalismus,,Kulturalik,NN,19,0,0,
Supranaturalismus,,supranatural,ADJ.,10,3,1,1.0
Supranaturalismus,,supranaturell,ADJ.,10,0,0,
Supranaturalismus,,supranaturalisch,ADJ.,10,0,0,
Supranaturalismus,,Supranaturalik,NN,10,0,0,
Kemalismus,,kemal,ADJ.,32,0,0,
Kemalismus,,kemell,ADJ.,32,0,0,
Kemalismus,,kemalisch,ADJ.,32,0,0,
Kemalismus,,Kemalik,NN,32,0,0,
Konstitutionalismus,,konstitutional,ADJ.,28,0,0,
Konstitutionalismus,,konstitutionell,ADJ.,28,448,1,1.0
Konstitutionalismus,,konstitutionalisch,ADJ.,28,0,0,
Konstitutionalismus,,Konstitutionalik,NN,28,0,0,
Normalismus,,normal,ADJ.,9,120834,1,1.0
Normalismus,,normell,ADJ.,9,0,0,
Normalismus,,normalisch,ADJ.,9,0,0,
Normalismus,,Normalik,NN,9,0,0,
Antikolonialismus,,antikoloniell,ADJ.,9,0,0,
Antikolonialismus,,antikolonialisch,ADJ.,9,0,0,
Antikolonialismus,,Antikolonialik,NN,9,0,0,
Experimentalismus,,experimental,ADJ.,8,282,1,
Experimentalismus,,experimentell,ADJ.,8,5920,1,1.0
Experimentalismus,,experimentalisch,ADJ.,8,0,0,
Experimentalismus,,Experimentalik,NN,8,0,0,
Ordoliberalismus,,ordoliberell,ADJ.,32,0,0,
Ordoliberalismus,,ordoliberalisch,ADJ.,32,0,0,
Ordoliberalismus,,Ordoliberalik,NN,32,0,0,
Subkulturalismus,,subkultural,ADJ.,0,1,1,
Subkulturalismus,,subkulturell,ADJ.,0,215,1,1.0
Subkulturalismus,,subkulturalisch,ADJ.,0,0,0,
Subkulturalismus,,Subkulturalik,NN,0,0,0,
Rechtsradikalismus,,rechtsradikal,ADJ.,428,1262,1,1.0
Rechtsradikalismus,,rechtsradikell,ADJ.,428,0,0,
Rechtsradikalismus,,rechtsradikalisch,ADJ.,428,0,0,
Rechtsradikalismus,,Rechtsradikalik,NN,428,0,0,
Antiglobalismus,,antiglobell,ADJ.,1,0,0,
Antiglobalismus,,antiglobalisch,ADJ.,1,0,0,
Antiglobalismus,,Antiglobalik,NN,1,0,0,
Antinationalismus,,antinationell,ADJ.,10,0,0,
Antinationalismus,,antinationalisch,ADJ.,10,0,0,
Antinationalismus,,Antinationalik,NN,10,0,0,
Kotextualismus,,kotextual,ADJ.,0,0,0,
Kotextualismus,,kotextuell,ADJ.,0,1,1,1.0
Kotextualismus,,kotextualisch,ADJ.,0,0,0,
Kotextualismus,,Kotextualik,NN,0,0,0,
Sensationalismus,,sensational,ADJ.,6,21,1,
Sensationalismus,,sensationell,ADJ.,6,5210,1,1.0
Sensationalismus,,sensationalisch,ADJ.,6,0,0,
Sensationalismus,,Sensationalik,NN,6,0,0,
Essentialismus,,essential,ADJ.,41,200,1,
Essentialismus,,essentiell,ADJ.,41,3840,1,1.0
Essentialismus,,essentialisch,ADJ.,41,0,0,
Essentialismus,,Essentialik,NN,41,0,0,
Antitotalitarismus,,antitotalitar,ADJ.,13,0,0,
Antitotalitarismus,,antitotalitarisch,ADJ.,13,0,0,
Antitotalitarismus,,Antitotalitarik,NN,13,0,0,
Bellizismus,,belliz,ADJ.,8,0,0,
Bellizismus,,bellizisch,ADJ.,8,0,0,
Bellizismus,,bellisch,ADJ.,8,0,0,
Bellizismus,,Bellizik,NN,8,0,0,
Amoralismus,,amoral,ADJ.,4,0,0,
Amoralismus,,amorell,ADJ.,4,0,0,
Amoralismus,,amoralisch,ADJ.,4,115,1,1.0
Amoralismus,,Amoralik,NN,4,0,0,
Nichtkapitalismus,,nichtkapital,ADJ.,0,0,0,
Nichtkapitalismus,,nichtkapitell,ADJ.,0,0,0,
Nichtkapitalismus,,nichtkapitalisch,ADJ.,0,0,0,
Technizismus,,techniz,ADJ.,2,0,0,
Technizismus,,technizisch,ADJ.,2,0,0,
Technizismus,,technisch,ADJ.,2,86663,1,
Binarismus,,binar,ADJ.,3,0,0,
Binarismus,,binär,ADJ.,3,863,1,1.0
Binarismus,,binarisch,ADJ.,3,0,0,
Binarismus,,Binarik,NN,3,0,0,
Konversationalismus,,konversational,ADJ.,0,8,1,
Konversationalismus,,konversationell,ADJ.,0,7,1,1.0
Konversationalismus,,konversationalisch,ADJ.,0,0,0,
Konversationalismus,,Konversationalik,NN,0,0,0,
Instrumentalismus,,instrumental,ADJ.,6,1888,1,1.0
Instrumentalismus,,instrumentell,ADJ.,6,566,1,
Instrumentalismus,,instrumentalisch,ADJ.,6,0,0,
Instrumentalismus,,Instrumentalik,NN,6,0,0,
Professionalismus,,professional,ADJ.,40,252,1,
Professionalismus,,professionell,ADJ.,40,35409,1,1.0
Professionalismus,,professionalisch,ADJ.,40,0,0,
Professionalismus,,Professionalik,NN,40,0,0,
Generalismus,,general,ADJ.,2,60,1,
Generalismus,,generell,ADJ.,2,33876,1,1.0
Generalismus,,generalisch,ADJ.,2,0,0,
Generalismus,,Generalik,NN,2,0,0,
Häppchenjournalismus,,häppchenjournal,ADJ.,1,0,0,
Häppchenjournalismus,,häppchenjournell,ADJ.,1,0,0,
Häppchenjournalismus,,häppchenjournalisch,ADJ.,1,0,0,
Patriarchalismus,,patriarchal,ADJ.,17,436,1,1.0
Patriarchalismus,,patriarchell,ADJ.,17,0,0,
Patriarchalismus,,patriarchalisch,ADJ.,17,438,1,
Patriarchalismus,,Patriarchalik,NN,17,0,0,
Animalismus,,animal,ADJ.,0,188,1,
Animalismus,,animell,ADJ.,0,0,0,
Animalismus,,animalisch,ADJ.,0,432,1,1.0
Animalismus,,Animalik,NN,0,0,0,
Antiparlamentarismus,,antiparlamentar,ADJ.,6,0,0,
Antiparlamentarismus,,antiparlamentär,ADJ.,6,0,0,
Antiparlamentarismus,,antiparlamentarisch,ADJ.,6,19,1,
Organismus,,organ,ADJ.,8225,0,0,
Organismus,,organisch,ADJ.,8243,7791,1,1.0
Organismus,,Organik,NN,8225,48,1,
Automatismus,,automat,ADJ.,644,0,0,
Automatismus,,automatisch,ADJ.,644,53148,1,1.0
Automatismus,,Automatik,NN,644,2672,1,
Hinduismus,,hindu,ADJ.,900,0,0,
Hinduismus,,hinduisch,ADJ.,900,1,1,
Tourismus,,tour,ADJ.,9473,0,0,
Tourismus,,tourisch,ADJ.,9473,1,1,
Modernismus,,modern,ADJ.,187,82909,1,1.0
Modernismus,,modernisch,ADJ.,170,0,0,
Modernismus,,Modernik,NN,170,0,0,
Fanatismus,,fanat,ADJ.,757,0,0,
Fanatismus,,fanatisch,ADJ.,757,1550,1,1.0
Fanatismus,,Fanatik,NN,757,5,1,
Autismus,,aut,ADJ.,896,0,0,
Autismus,,autisch,ADJ.,896,3,1,
Fetischismus,,fetisch,ADJ.,126,36,1,
Fetischismus,,fetischisch,ADJ.,126,0,0,
Mechanismus,,mechan,ADJ.,6721,0,0,
Mechanismus,,mechanisch,ADJ.,6796,10713,1,1.0
Mechanismus,,Mechanik,NN,6721,2870,1,
Egoismus,,ego,ADJ.,3185,0,0,
Egoismus,,egoisch,ADJ.,3185,0,0,
Optimismus,,optim,ADJ.,2594,0,0,
Optimismus,,optimisch,ADJ.,2594,0,0,
Optimismus,,Optimik,NN,2594,0,0,
Kommunismus,,kommun,ADJ.,3365,0,0,
Kommunismus,,kommunisch,ADJ.,3365,1,1,
Terrorismus,,terror,ADJ.,3654,0,0,
Terrorismus,,terrorisch,ADJ.,3654,0,0,
Patriotismus,,patriot,ADJ.,838,0,0,
Patriotismus,,patriotisch,ADJ.,838,1096,1,1.0
Patriotismus,,Patriotik,NN,838,0,0,
Marxismus,,marx,ADJ.,1167,0,0,
Marxismus,,marxisch,ADJ.,1167,2,1,
Astigmatismus,,astigmat,ADJ.,236,0,0,
Astigmatismus,,astigmatisch,ADJ.,236,0,0,
Astigmatismus,,Astigmatik,NN,236,0,0,
Atheismus,,athe,ADJ.,1065,0,0,
Atheismus,,atheisch,ADJ.,1065,0,0,
Konfuzianismus,,konfuzian,ADJ.,146,0,0,
Konfuzianismus,,konfuzianisch,ADJ.,146,98,1,1.0
Konfuzianismus,,Konfuzianik,NN,146,0,0,
Rassismus,,rass,ADJ.,6023,0,0,
Rassismus,,rassisch,ADJ.,6023,462,1,
Faschismus,,fasch,ADJ.,3349,0,0,
Faschismus,,faschisch,ADJ.,3349,0,0,
Faschismus,,Faschik,NN,4017,0,0,
Rigorismus,,rigor,ADJ.,54,0,0,
Rigorismus,,rigorisch,ADJ.,54,0,0,
Antisemitismus,,antisemit,ADJ.,4325,0,0,
Antisemitismus,,antisemitisch,ADJ.,4325,2654,1,1.0
Antisemitismus,,Antisemitik,NN,4325,0,0,
Determinismus,,determin,ADJ.,418,0,0,
Determinismus,,determinisch,ADJ.,418,1,1,
Nihilismus,,nihil,ADJ.,273,0,0,
Nihilismus,,nihilisch,ADJ.,273,0,0,
Antifaschismus,,antifasch,ADJ.,514,0,0,
Antifaschismus,,antifaschisch,ADJ.,514,1,1,
Magnetismus,,magnet,ADJ.,502,0,0,
Magnetismus,,magnetisch,ADJ.,502,3784,1,1.0
Magnetismus,,Magnetik,NN,502,8,1,
Methodismus,,method,ADJ.,29,0,0,
Methodismus,,methodisch,ADJ.,29,5086,1,1.0
Methodismus,,Methodik,NN,29,2287,1,
Snobismus,,snob,ADJ.,34,0,0,
Snobismus,,snobisch,ADJ.,34,0,0,
Relativismus,,relativ,ADJ.,234,62334,1,1.0
Relativismus,,relativisch,ADJ.,234,0,0,
Relativismus,,Relativik,NN,234,0,0,
Hellenismus,,hellen,ADJ.,214,0,0,
Hellenismus,,hellenisch,ADJ.,214,140,1,1.0
Hellenismus,,Hellenik,NN,214,0,0,
Leninismus,,lenin,ADJ.,126,0,0,
Leninismus,,leninisch,ADJ.,126,0,0,
Bolschewismus,,bolschew,ADJ.,315,0,0,
Bolschewismus,,bolschewisch,ADJ.,315,0,0,
Bolschewismus,,Bolschewik,NN,325,402,1,1.0
Opportunismus,,opportun,ADJ.,380,281,1,1.0
Opportunismus,,opportunisch,ADJ.,380,0,0,
Opportunismus,,Opportunik,NN,380,0,0,
Perfektionismus,,perfektion,ADJ.,347,0,0,
Perfektionismus,,perfektionisch,ADJ.,347,1,1,
Nonkonformismus,,nonkonform,ADJ.,37,37,1,1.0
Nonkonformismus,,nonkonformisch,ADJ.,37,0,0,
Nonkonformismus,,Nonkonformik,NN,37,0,0,
Zynismus,,zyn,ADJ.,1110,0,0,
Zynismus,,zynisch,ADJ.,1110,2701,1,1.0
Zynismus,,Zynik,NN,1110,28,1,
Konservativismus,,konservativ,ADJ.,129,8160,1,1.0
Konservativismus,,konservativisch,ADJ.,129,0,0,
Konservativismus,,Konservativik,NN,129,0,0,
Neonazismus,,neonaz,ADJ.,284,0,0,
Neonazismus,,neonazisch,ADJ.,284,0,0,
Protestantismus,,protestant,ADJ.,900,15,1,
Protestantismus,,Protestantik,NN,900,0,0,
Masochismus,,masoch,ADJ.,310,0,0,
Masochismus,,masochisch,ADJ.,310,0,0,
Dogmatismus,,dogmat,ADJ.,217,0,0,
Dogmatismus,,dogmatisch,ADJ.,217,1347,1,
Philosemitismus,,philosemit,ADJ.,58,0,0,
Philosemitismus,,philosemitisch,ADJ.,58,24,1,1.0
Philosemitismus,,Philosemitik,NN,58,0,0,
Expressionismus,,expression,ADJ.,561,0,0,
Expressionismus,,expressionisch,ADJ.,561,0,0,
Alkoholismus,,alkohol,ADJ.,780,0,0,
Alkoholismus,,alkoholisch,ADJ.,780,1580,1,
Aphorismus,,aphor,ADJ.,662,0,0,
Aphorismus,,aphorisch,ADJ.,662,0,0,
Antagonismus,,antagon,ADJ.,240,0,0,
Antagonismus,,Antagonik,NN,240,0,0,
Extremismus,,extrem,ADJ.,1315,54876,1,1.0
Extremismus,,extremisch,ADJ.,1315,0,0,
Extremismus,,Extremik,NN,1315,0,0,
Humanismus,,human,ADJ.,1076,3726,1,1.0
Humanismus,,humanisch,ADJ.,1076,0,0,
Humanismus,,Humanik,NN,1076,0,0,
Deismus,,de,ADJ.,43,0,0,
Deismus,,deisch,ADJ.,43,0,0,
Deismus,,Deik,NN,43,0,0,
Buddhismus,,buddh,ADJ.,3151,0,0,
Buddhismus,,buddhisch,ADJ.,3151,0,0,
Demokratismus,,demokrat,ADJ.,23,0,0,
Demokratismus,,demokratisch,ADJ.,23,23128,1,1.0
Demokratismus,,Demokratik,NN,23,1,1,
Absolutismus,,absolut,ADJ.,393,94105,1,1.0
Absolutismus,,absolutisch,ADJ.,393,0,0,
Absolutismus,,Absolutik,NN,393,0,0,
Kreationismus,,kreation,ADJ.,311,0,0,
Kreationismus,,kreationisch,ADJ.,311,0,0,
Aktionismus,,aktion,ADJ.,827,0,0,
Aktionismus,,aktionisch,ADJ.,827,0,0,
Okkultismus,,okkult,ADJ.,364,700,1,1.0
Okkultismus,,okkultisch,ADJ.,364,0,0,
Okkultismus,,Okkultik,NN,364,0,0,
Taoismus,,tao,ADJ.,168,0,0,
Taoismus,,taoisch,ADJ.,168,0,0,
Atavismus,,atav,ADJ.,30,0,0,
Atavismus,,atavisch,ADJ.,30,0,0,
Katechismus,,katech,ADJ.,580,0,0,
Katechismus,,Katechik,NN,580,0,0,
Pantheismus,,panthe,ADJ.,187,0,0,
Pantheismus,,pantheisch,ADJ.,187,0,0,
Pantheismus,,Pantheik,NN,187,0,0,
Anarchismus,,anarch,ADJ.,619,0,0,
Anarchismus,,anarchisch,ADJ.,619,330,1,1.0
Anarchismus,,Anarchik,NN,619,1,1,
Stalinismus,,stalin,ADJ.,494,0,0,
Stalinismus,,stalinisch,ADJ.,494,4,1,
Populismus,,popul,ADJ.,679,0,0,
Populismus,,Populik,NN,679,0,0,
Maoismus,,mao,ADJ.,36,0,0,
Maoismus,,maoisch,ADJ.,36,0,0,
Spiritismus,,spirit,ADJ.,154,0,0,
Spiritismus,,spiritisch,ADJ.,154,0,0,
Ionismus,,ion,ADJ.,0,0,0,
Ionismus,,ionisch,ADJ.,0,527,1,1.0
Ionismus,,Ionik,NN,0,1,1,
Kollektivismus,,kollektiv,ADJ.,94,6303,1,1.0
Kollektivismus,,kollektivisch,ADJ.,94,0,0,
Kollektivismus,,Kollektivik,NN,94,0,0,
Dirigismus,,dirig,ADJ.,37,0,0,
Dirigismus,,Dirigik,NN,37,0,0,
Neologismus,,neolog,ADJ.,105,0,0,
Neologismus,,neologisch,ADJ.,105,1,1,1.0
Neologismus,,Neologik,NN,105,0,0,
Revisionismus,,revision,ADJ.,218,0,0,
Revisionismus,,revisionisch,ADJ.,218,1,1,1.0
Revisionismus,,Revisionik,NN,218,0,0,
Atomismus,,atom,ADJ.,36,0,0,
Atomismus,,atomisch,ADJ.,36,6,1,1.0
Atomismus,,Atomik,NN,36,2,1,
Analphabetismus,,analphabet,ADJ.,247,0,0,
Analphabetismus,,analphabetisch,ADJ.,247,36,1,1.0
Analphabetismus,,Analphabetik,NN,247,0,0,
Pragmatismus,,pragmat,ADJ.,508,0,0,
Pragmatismus,,pragmatisch,ADJ.,508,3078,1,
Pragmatismus,,Pragmatik,NN,508,233,1,1.0
Feminismus,,femin,ADJ.,1255,0,0,
Feminismus,,Feminik,NN,1255,0,0,
Pazifismus,,pazif,ADJ.,377,0,0,
Pazifismus,,pazifisch,ADJ.,377,759,1,1.0
Pazifismus,,Pazifik,NN,377,1449,1,
Nazismus,,naz,ADJ.,174,0,0,
Nazismus,,nazisch,ADJ.,174,2,1,
Neofaschismus,,neofasch,ADJ.,144,0,0,
Neofaschismus,,neofaschisch,ADJ.,144,0,0,
Monotheismus,,monothe,ADJ.,395,0,0,
Monotheismus,,monotheisch,ADJ.,395,0,0,
Monotheismus,,Monotheik,NN,395,0,0,
Transhumanismus,,transhuman,ADJ.,25,4,1,1.0
Transhumanismus,,transhumanisch,ADJ.,25,0,0,
Transhumanismus,,Transhumanik,NN,25,0,0,
Exorzismus,,exorz,ADJ.,245,0,0,
Exorzismus,,Exorzik,NN,245,0,0,
Pessimismus,,pessim,ADJ.,586,0,0,
Pessimismus,,Pessimik,NN,586,0,0,
Exhibitionismus,,exhibition,ADJ.,121,0,0,
Exhibitionismus,,exhibitionisch,ADJ.,121,0,0,
Impressionismus,,impression,ADJ.,286,0,0,
Impressionismus,,impressionisch,ADJ.,286,0,0,
Somnambulismus,,somnambul,ADJ.,21,44,1,1.0
Somnambulismus,,somnambulisch,ADJ.,21,0,0,
Somnambulismus,,Somnambulik,NN,21,0,0,
Sadomasochismus,,sadomasoch,ADJ.,100,0,0,
Sadomasochismus,,Sadomasochik,NN,100,0,0,
Merkantilismus,,merkantil,ADJ.,78,140,1,1.0
Merkantilismus,,merkantilisch,ADJ.,78,0,0,
Merkantilismus,,Merkantilik,NN,78,0,0,
Aktivismus,,aktiv,ADJ.,259,82437,1,1.0
Aktivismus,,aktivisch,ADJ.,259,17,1,
Aktivismus,,Aktivik,NN,259,0,0,
Lobbyismus,,lobby,ADJ.,631,0,0,
Lobbyismus,,lobbyisch,ADJ.,631,0,0,
Kretinismus,,kretin,ADJ.,44,0,0,
Kretinismus,,kretinisch,ADJ.,44,0,0,
Euphemismus,,euphem,ADJ.,269,0,0,
Euphemismus,,Euphemik,NN,269,0,0,
Mobilismus,,mobil,ADJ.,0,33968,1,1.0
Mobilismus,,mobilisch,ADJ.,0,0,0,
Mobilismus,,Mobilik,NN,0,0,0,
Antizionismus,,antizion,ADJ.,157,0,0,
Antizionismus,,Antizionik,NN,157,0,0,
Expansionismus,,expansion,ADJ.,27,0,0,
Expansionismus,,expansionisch,ADJ.,27,0,0,
Satanismus,,satan,ADJ.,380,0,0,
Satanismus,,satanisch,ADJ.,380,586,1,
Albinismus,,albin,ADJ.,52,0,0,
Albinismus,,albinisch,ADJ.,52,0,0,
Albinismus,,Albinik,NN,52,0,0,
Vulkanismus,,vulkan,ADJ.,228,0,0,
Vulkanismus,,vulkanisch,ADJ.,228,1298,1,1.0
Vulkanismus,,Vulkanik,NN,228,0,0,
Dilettantismus,,dilettant,ADJ.,178,0,0,
Dilettantismus,,dilettantisch,ADJ.,178,409,1,1.0
Dilettantismus,,Dilettantik,NN,178,0,0,
Zentrismus,,zentr,ADJ.,8,0,0,
Zentrismus,,zentrisch,ADJ.,8,119,1,
Zentrismus,,Zentrik,NN,8,5,1,
Schamanismus,,schaman,ADJ.,386,0,0,
Schamanismus,,schamanisch,ADJ.,386,470,1,1.0
Schamanismus,,Schamanik,NN,386,0,0,
Konsumismus,,konsum,ADJ.,60,0,0,
Konsumismus,,konsumisch,ADJ.,60,0,0,
Bürokratismus,,bürokrat,ADJ.,146,0,0,
Bürokratismus,,bürokratisch,ADJ.,146,2442,1,1.0
Bürokratismus,,Bürokratik,NN,146,0,0,
Reformismus,,reform,ADJ.,127,0,0,
Reformismus,,reformisch,ADJ.,127,0,0,
Zionismus,,zion,ADJ.,760,0,0,
Zionismus,,zionisch,ADJ.,760,0,0,
Evolutionismus,,evolution,ADJ.,42,0,0,
Evolutionismus,,evolutionisch,ADJ.,42,0,0,
Veganismus,,vegan,ADJ.,219,2824,1,1.0
Veganismus,,veganisch,ADJ.,219,0,0,
Veganismus,,Veganik,NN,219,0,0,
Korporativismus,,korporativ,ADJ.,13,203,1,1.0
Korporativismus,,korporativisch,ADJ.,13,0,0,
Korporativismus,,Korporativik,NN,13,0,0,
Historismus,,histor,ADJ.,321,0,0,
Historismus,,historisch,ADJ.,321,56550,1,1.0
Historismus,,Historik,NN,321,70,1,
Chauvinismus,,chauvin,ADJ.,224,0,0,
Chauvinismus,,chauvinisch,ADJ.,224,0,0,
Pietismus,,piet,ADJ.,217,0,0,
Pietismus,,pietisch,ADJ.,217,0,0,
Fauvismus,,fauv,ADJ.,17,0,0,
Fauvismus,,fauvisch,ADJ.,17,0,0,
Messianismus,,messian,ADJ.,51,0,0,
Messianismus,,messianisch,ADJ.,51,365,1,1.0
Messianismus,,Messianik,NN,51,0,0,
Empirismus,,empir,ADJ.,144,0,0,
Empirismus,,empirisch,ADJ.,144,7958,1,1.0
Empirismus,,Empirik,NN,144,8,1,
Symbolismus,,symbol,ADJ.,213,0,0,
Symbolismus,,symbolisch,ADJ.,213,6364,1,1.0
Symbolismus,,Symbolik,NN,213,1562,1,
Vaginismus,,vagin,ADJ.,30,0,0,
Vaginismus,,vaginisch,ADJ.,30,0,0,
Islamismus,,islam,ADJ.,681,0,0,
Islamismus,,islamisch,ADJ.,681,10245,1,
Vampirismus,,vampir,ADJ.,89,0,0,
Vampirismus,,vampirisch,ADJ.,89,52,1,
Altersrassismus,,altersrass,ADJ.,2,0,0,
Altersrassismus,,altersrassisch,ADJ.,2,0,0,
Holismus,,hol,ADJ.,38,0,0,
Holismus,,Holik,NN,38,10,1,
Konstruktivismus,,konstruktiv,ADJ.,487,10181,1,1.0
Konstruktivismus,,konstruktivisch,ADJ.,487,0,0,
Konstruktivismus,,Konstruktivik,NN,487,0,0,
Calvinismus,,calvin,ADJ.,132,0,0,
Calvinismus,,calvinisch,ADJ.,132,0,0,
Purismus,,pur,ADJ.,111,16130,1,1.0
Purismus,,purisch,ADJ.,111,0,0,
Purismus,,Purik,NN,111,0,0,
Voyeurismus,,voyeur,ADJ.,223,0,0,
Voyeurismus,,Voyeurik,NN,223,0,0,
Altruismus,,altru,ADJ.,260,0,0,
Altruismus,,Altruik,NN,260,0,0,
Metabolismus,,metabol,ADJ.,172,0,0,
Metabolismus,,metabolisch,ADJ.,172,379,1,1.0
Metabolismus,,Metabolik,NN,172,0,0,
Manierismus,,manier,ADJ.,140,0,0,
Manierismus,,manierisch,ADJ.,140,0,0,
Protektionismus,,protektion,ADJ.,239,0,0,
Protektionismus,,protektionisch,ADJ.,239,0,0,
Darwinismus,,darwin,ADJ.,207,0,0,
Darwinismus,,darwinisch,ADJ.,207,2,1,
Antikommunismus,,antikommun,ADJ.,249,0,0,
Antikommunismus,,antikommunisch,ADJ.,249,0,0,
Avantgardismus,,avantgard,ADJ.,24,0,0,
Avantgardismus,,avantgardisch,ADJ.,24,2,1,
Anachronismus,,anachron,ADJ.,304,0,0,
Anachronismus,,Anachronik,NN,304,0,0,
Etatismus,,etat,ADJ.,48,0,0,
Etatismus,,etatisch,ADJ.,48,1,1,
Meteorismus,,meteor,ADJ.,24,0,0,
Meteorismus,,meteorisch,ADJ.,24,8,1,
Kubismus,,kub,ADJ.,174,0,0,
Kubismus,,kubisch,ADJ.,174,398,1,1.0
Kubismus,,Kubik,NN,174,0,0,
Synkretismus,,synkret,ADJ.,81,0,0,
Synkretismus,,synkretisch,ADJ.,81,0,0,
Synkretismus,,Synkretik,NN,81,0,0,
Dynamismus,,dynam,ADJ.,8,0,0,
Dynamismus,,dynamisch,ADJ.,8,14754,1,
Dynamismus,,Dynamik,NN,8,7807,1,1.0
Lamaismus,,lama,ADJ.,65,0,0,
Lamaismus,,lamaisch,ADJ.,65,1,1,1.0
Lamaismus,,Lamaik,NN,65,0,0,
Subjektivismus,,subjektiv,ADJ.,122,12175,1,1.0
Subjektivismus,,subjektivisch,ADJ.,122,0,0,
Subjektivismus,,Subjektivik,NN,122,0,0,
Gigantismus,,gigant,ADJ.,48,0,0,
Gigantismus,,gigantisch,ADJ.,48,7230,1,1.0
Gigantismus,,Gigantik,NN,48,1,1,
Sexismus,,sex,ADJ.,781,0,0,
Sexismus,,sexisch,ADJ.,781,0,0,
Szientismus,,szient,ADJ.,29,0,0,
Szientismus,,szientisch,ADJ.,29,0,0,
Szientismus,,Szientik,NN,29,0,0,
Heroismus,,hero,ADJ.,68,0,0,
Heroismus,,heroisch,ADJ.,68,968,1,1.0
Heroismus,,Heroik,NN,68,6,1,
Zapatismus,,zapat,ADJ.,29,0,0,
Zapatismus,,zapatisch,ADJ.,29,0,0,
Zapatismus,,Zapatik,NN,29,0,0,
Antijudaismus,,antijuda,ADJ.,159,0,0,
Antijudaismus,,antijudaisch,ADJ.,159,3,1,
Sadismus,,sad,ADJ.,226,0,0,
Sadismus,,Sadik,NN,226,0,0,
Sufismus,,suf,ADJ.,146,0,0,
Sufismus,,sufisch,ADJ.,146,11,1,
Chemismus,,chem,ADJ.,40,0,0,
Chemismus,,chemisch,ADJ.,40,14177,1,1.0
Chemismus,,Chemik,NN,40,3,1,
Polytheismus,,polythe,ADJ.,129,0,0,
Polytheismus,,Polytheik,NN,129,0,0,
Machiavellismus,,machiavell,ADJ.,29,0,0,
Machiavellismus,,machiavellisch,ADJ.,29,0,0,
Hedonismus,,hedon,ADJ.,152,0,0,
Hedonismus,,Hedonik,NN,152,0,0,
Keynesianismus,,keynesian,ADJ.,104,0,0,
Keynesianismus,,keynesianisch,ADJ.,104,165,1,
Keynesianismus,,Keynesianik,NN,104,0,0,
Reaktionismus,,reaktion,ADJ.,5,0,0,
Reaktionismus,,reaktionisch,ADJ.,5,0,0,
Amerikanismus,,amerikan,ADJ.,60,0,0,
Amerikanismus,,amerikanisch,ADJ.,60,39304,1,1.0
Amerikanismus,,Amerikanik,NN,60,0,0,
Antirassismus,,antirass,ADJ.,141,0,0,
Antirassismus,,antirassisch,ADJ.,141,1,1,
Equilibrismus,,equilibr,ADJ.,8,0,0,
Equilibrismus,,equilibrisch,ADJ.,8,0,0,
Konservatismus,,konservat,ADJ.,302,0,0,
Konservatismus,,Konservatik,NN,302,0,0,
Korporatismus,,korporat,ADJ.,36,0,0,
Korporatismus,,Korporatik,NN,36,0,0,
Separatismus,,separat,ADJ.,92,11522,1,1.0
Separatismus,,separatisch,ADJ.,92,1,1,
Separatismus,,Separatik,NN,92,0,0,
Positivismus,,positiv,ADJ.,188,84318,1,1.0
Positivismus,,positivisch,ADJ.,188,0,0,
Positivismus,,Positivik,NN,188,0,0,
Chartismus,,chart,ADJ.,26,0,0,
Chartismus,,chartisch,ADJ.,26,0,0,
Puritanismus,,puritan,ADJ.,37,0,0,
Puritanismus,,puritanisch,ADJ.,37,162,1,
Menschewismus,,menschew,ADJ.,12,0,0,
Menschewismus,,menschewisch,ADJ.,12,0,0,
Menschewismus,,Menschewik,NN,12,112,1,1.0
Kognitivismus,,kognitiv,ADJ.,36,3965,1,1.0
Kognitivismus,,kognitivisch,ADJ.,36,0,0,
Kognitivismus,,Kognitivik,NN,36,0,0,
Neuthomismus,,neuthom,ADJ.,3,0,0,
Neuthomismus,,neuthomisch,ADJ.,3,0,0,
Neuthomismus,,Neuthomik,NN,3,0,0,
Alpinismus,,alpin,ADJ.,70,2691,1,1.0
Alpinismus,,alpinisch,ADJ.,70,0,0,
Alpinismus,,Alpinik,NN,70,0,0,
Nepotismus,,nepot,ADJ.,44,0,0,
Nepotismus,,Nepotik,NN,44,0,0,
Schematismus,,schemat,ADJ.,50,0,0,
Schematismus,,schematisch,ADJ.,50,878,1,1.0
Schematismus,,Schematik,NN,50,0,0,
Neodarwinismus,,neodarwin,ADJ.,23,0,0,
Neodarwinismus,,neodarwinisch,ADJ.,23,0,0,
Pointillismus,,pointill,ADJ.,16,0,0,
Pointillismus,,Pointillik,NN,16,0,0,
Superorganismus,,superorgan,ADJ.,12,0,0,
Superorganismus,,Superorganik,NN,12,0,0,
Exotismus,,exot,ADJ.,45,0,0,
Exotismus,,exotisch,ADJ.,45,6123,1,1.0
Exotismus,,Exotik,NN,45,258,1,
Despotismus,,despot,ADJ.,116,0,0,
Despotismus,,despotisch,ADJ.,116,233,1,1.0
Despotismus,,Despotik,NN,116,0,0,
Ökologismus,,ökolog,ADJ.,23,0,0,
Ökologismus,,ökologisch,ADJ.,23,19095,1,1.0
Ökologismus,,ökologik,NN,23,0,0,
Judaismus,,juda,ADJ.,71,0,0,
Judaismus,,judaisch,ADJ.,230,4,1,1.0
Judaismus,,Judaik,NN,71,4,1,
Rheumatismus,,rheumat,ADJ.,68,0,0,
Rheumatismus,,rheumatisch,ADJ.,68,767,1,1.0
Rheumatismus,,Rheumatik,NN,68,0,0,
Botulismus,,botul,ADJ.,104,0,0,
Botulismus,,botulisch,ADJ.,104,0,0,
Botulismus,,Botulik,NN,104,0,0,
Morphismus,,morph,ADJ.,1,0,0,
Morphismus,,morphisch,ADJ.,1,96,1,1.0
Morphismus,,Morphik,NN,1,0,0,
Dadaismus,,dada,ADJ.,138,0,0,
Dadaismus,,dadaisch,ADJ.,138,0,0,
Konstruktionismus,,konstruktion,ADJ.,13,0,0,
Konstruktionismus,,konstruktionisch,ADJ.,13,0,0,
Hypogonadismus,,hypogonad,ADJ.,89,0,0,
Hypogonadismus,,hypogonadisch,ADJ.,89,0,0,
Solipsismus,,solips,ADJ.,104,0,0,
Solipsismus,,Solipsik,NN,104,0,0,
Destruktivismus,,destruktiv,ADJ.,1,1411,1,1.0
Destruktivismus,,destruktivisch,ADJ.,1,0,0,
Destruktivismus,,Destruktivik,NN,1,0,0,
Hooliganismus,,hooligan,ADJ.,31,0,0,
Hooliganismus,,hooliganisch,ADJ.,31,0,0,
Akademismus,,akadem,ADJ.,7,0,0,
Akademismus,,akademisch,ADJ.,7,8935,1,1.0
Akademismus,,Akademik,NN,7,22,1,
Klientelismus,,klientel,ADJ.,42,0,0,
Klientelismus,,klientelisch,ADJ.,42,0,0,
Theismus,,the,ADJ.,119,0,0,
Theismus,,Theik,NN,119,1,1,
Fordismus,,ford,ADJ.,110,0,0,
Fordismus,,fordisch,ADJ.,110,0,0,
Quietismus,,quiet,ADJ.,14,0,0,
Quietismus,,quietisch,ADJ.,14,0,0,
Interaktionismus,,interaktion,ADJ.,24,0,0,
Interaktionismus,,interaktionisch,ADJ.,24,0,0,
Isolationismus,,isolation,ADJ.,31,0,0,
Isolationismus,,isolationisch,ADJ.,31,0,0,
Platonismus,,platon,ADJ.,74,0,0,
Platonismus,,platonisch,ADJ.,74,798,1,
Futurismus,,futur,ADJ.,91,0,0,
Futurismus,,futurisch,ADJ.,91,7,1,
Objektivismus,,objektiv,ADJ.,86,13160,1,1.0
Objektivismus,,objektivisch,ADJ.,86,0,0,
Objektivismus,,Objektivik,NN,86,0,0,
Paganismus,,pagan,ADJ.,15,0,0,
Paganismus,,paganisch,ADJ.,15,0,0,
Nativismus,,nativ,ADJ.,6,2108,1,1.0
Nativismus,,nativisch,ADJ.,6,0,0,
Nativismus,,Nativik,NN,6,0,0,
Obskurantismus,,obskurant,ADJ.,21,0,0,
Obskurantismus,,obskurantisch,ADJ.,21,0,0,
Obskurantismus,,Obskurantik,NN,21,0,0,
Hypnotismus,,hypnot,ADJ.,23,0,0,
Hypnotismus,,hypnotisch,ADJ.,23,576,1,1.0
Hypnotismus,,Hypnotik,NN,23,0,0,
Antibolschewismus,,antibolschew,ADJ.,10,0,0,
Antibolschewismus,,antibolschewisch,ADJ.,10,0,0,
Reduktionismus,,reduktion,ADJ.,93,0,0,
Reduktionismus,,reduktionisch,ADJ.,93,1,1,
Peronismus,,peron,ADJ.,14,0,0,
Peronismus,,peronisch,ADJ.,14,0,0,
Hermaphroditismus,,hermaphrodit,ADJ.,7,0,0,
Hermaphroditismus,,hermaphroditisch,ADJ.,7,7,1,1.0
Hermaphroditismus,,Hermaphroditik,NN,7,0,0,
Energetismus,,energet,ADJ.,3,0,0,
Energetismus,,energetisch,ADJ.,3,6251,1,1.0
Energetismus,,Energetik,NN,3,85,1,
Biismus,,bi,ADJ.,0,0,0,
Biismus,,biisch,ADJ.,0,7,1,1.0
Biismus,,Biik,NN,0,5,1,
Exterminismus,,extermin,ADJ.,5,0,0,
Exterminismus,,Exterminik,NN,5,0,0,
Unionismus,,union,ADJ.,2,0,0,
Unionismus,,unionisch,ADJ.,2,1,1,
Semitismus,,semit,ADJ.,7,0,0,
Semitismus,,semitisch,ADJ.,7,238,1,1.0
Semitismus,,Semitik,NN,7,0,0,
Transvestismus,,transvest,ADJ.,22,0,0,
Transvestismus,,transvestisch,ADJ.,22,0,0,
Gerismus,,ger,ADJ.,0,0,0,
Gerismus,,gerisch,ADJ.,0,29,1,1.0
Gerismus,,Gerik,NN,0,1,1,
Alarmismus,,alarm,ADJ.,60,0,0,
Alarmismus,,alarmisch,ADJ.,60,0,0,
Politismus,,polit,ADJ.,0,0,0,
Politismus,,politisch,ADJ.,0,115251,1,
Politismus,,Politik,NN,0,67498,1,1.0
Urbanismus,,urban,ADJ.,22,3487,1,1.0
Urbanismus,,urbanisch,ADJ.,22,0,0,
Urbanismus,,Urbanik,NN,22,0,0,
Republikanismus,,republikan,ADJ.,38,0,0,
Republikanismus,,republikanisch,ADJ.,38,1308,1,1.0
Republikanismus,,Republikanik,NN,38,0,0,
Strukturalistismus,,strukturalist,ADJ.,0,0,0,
Strukturalistismus,,strukturalistisch,ADJ.,0,97,1,1.0
Strukturalistismus,,Strukturalistik,NN,0,0,0,
Mesmerismus,,mesmer,ADJ.,41,0,0,
Mesmerismus,,mesmerisch,ADJ.,41,5,1,1.0
Mesmerismus,,Mesmerik,NN,41,0,0,
Absentismus,,absent,ADJ.,14,45,1,1.0
Absentismus,,absentisch,ADJ.,14,0,0,
Absentismus,,Absentik,NN,14,0,0,
Psychologismus,,psycholog,ADJ.,24,0,0,
Psychologismus,,psychologisch,ADJ.,24,11118,1,1.0
Psychologismus,,Psychologik,NN,24,2,1,
Behaviorismus,,behavior,ADJ.,95,0,0,
Behaviorismus,,behaviorisch,ADJ.,95,0,0,
Deskriptivismus,,deskriptiv,ADJ.,1,452,1,1.0
Deskriptivismus,,deskriptivisch,ADJ.,1,0,0,
Deskriptivismus,,Deskriptivik,NN,1,0,0,
Totemismus,,totem,ADJ.,13,0,0,
Totemismus,,totemisch,ADJ.,13,3,1,1.0
Totemismus,,Totemik,NN,13,0,0,
Supermodernismus,,supermodern,ADJ.,0,93,1,1.0
Supermodernismus,,supermodernisch,ADJ.,0,0,0,
Supermodernismus,,Supermodernik,NN,0,0,0,
Chaotismus,,chaot,ADJ.,0,0,0,
Chaotismus,,chaotisch,ADJ.,0,3398,1,1.0
Chaotismus,,Chaotik,NN,0,12,1,
Animismus,,anim,ADJ.,105,0,0,
Animismus,,Animik,NN,105,0,0,
Shintoismus,,shinto,ADJ.,39,0,0,
Shintoismus,,shintoisch,ADJ.,39,0,0,
Antifeminismus,,antifemin,ADJ.,38,0,0,
Antifeminismus,,Antifeminik,NN,38,0,0,
Dekonstruktivismus,,dekonstruktiv,ADJ.,48,50,1,1.0
Dekonstruktivismus,,dekonstruktivisch,ADJ.,48,0,0,
Dekonstruktivismus,,Dekonstruktivik,NN,48,0,0,
Binnentourismus,,binnentour,ADJ.,3,0,0,
Binnentourismus,,binnentourisch,ADJ.,3,0,0,
Trophismus,,troph,ADJ.,0,0,0,
Trophismus,,trophisch,ADJ.,0,34,1,1.0
Trophismus,,Trophik,NN,0,4,1,
Universismus,,univers,ADJ.,6,0,0,
Universismus,,universisch,ADJ.,6,0,0,
Manismus,,man,ADJ.,0,0,0,
Manismus,,manisch,ADJ.,0,520,1,1.0
Manismus,,Manik,NN,0,3,1,
Urkommunismus,,urkommun,ADJ.,5,0,0,
Urkommunismus,,urkommunisch,ADJ.,5,0,0,
Hyperandrogenismus,,hyperandrogen,ADJ.,1,0,0,
Hyperandrogenismus,,hyperandrogenisch,ADJ.,1,0,0,
Antitheismus,,antithe,ADJ.,0,0,0,
Antitheismus,,antitheisch,ADJ.,0,0,0,
Abolitionismus,,abolition,ADJ.,14,0,0,
Abolitionismus,,abolitionisch,ADJ.,14,0,0,
Aristokratismus,,aristokrat,ADJ.,1,0,0,
Aristokratismus,,aristokratisch,ADJ.,1,372,1,1.0
Aristokratismus,,Aristokratik,NN,1,0,0,
Illusionismus,,illusion,ADJ.,24,0,0,
Illusionismus,,illusionisch,ADJ.,24,0,0,
Tropismus,,trop,ADJ.,8,0,0,
Tropismus,,tropisch,ADJ.,8,4884,1,1.0
Tropismus,,Tropik,NN,8,0,0,
Hermetismus,,hermet,ADJ.,6,0,0,
Hermetismus,,hermetisch,ADJ.,6,701,1,
Hermetismus,,Hermetik,NN,6,54,1,1.0
Produktivismus,,produktiv,ADJ.,3,4849,1,1.0
Produktivismus,,produktivisch,ADJ.,3,0,0,
Produktivismus,,Produktivik,NN,3,0,0,
Konformismus,,konform,ADJ.,78,1569,1,1.0
Konformismus,,konformisch,ADJ.,78,0,0,
Konformismus,,Konformik,NN,78,0,0,
Dimorphismus,,dimorph,ADJ.,5,0,0,
Dimorphismus,,dimorphisch,ADJ.,5,0,0,
Dimorphismus,,Dimorphik,NN,5,0,0,
Indeterminismus,,indetermin,ADJ.,61,0,0,
Indeterminismus,,Indeterminik,NN,61,0,0,
Jainismus,,jain,ADJ.,103,0,0,
Jainismus,,jainisch,ADJ.,103,0,0,
Parasitismus,,parasit,ADJ.,36,0,0,
Parasitismus,,parasitisch,ADJ.,36,75,1,
Romantismus,,romant,ADJ.,1,0,0,
Romantismus,,romantisch,ADJ.,1,11062,1,
Romantismus,,Romantik,NN,1,3361,1,1.0
Antinomismus,,antinom,ADJ.,3,0,0,
Antinomismus,,antinomisch,ADJ.,3,8,1,1.0
Antinomismus,,Antinomik,NN,3,0,0,
Primitivismus,,primitiv,ADJ.,34,3021,1,1.0
Primitivismus,,primitivisch,ADJ.,34,0,0,
Primitivismus,,Primitivik,NN,34,0,0,
Oekologismus,,oekolog,ADJ.,0,0,0,
Oekologismus,,Oekologik,NN,0,0,0,
Antiterrorismus,,antiterror,ADJ.,4,0,0,
Antiterrorismus,,antiterrorisch,ADJ.,4,0,0,
Historizismus,,historiz,ADJ.,20,0,0,
Historizismus,,historizisch,ADJ.,20,0,0,
Israelismus,,israel,ADJ.,0,0,0,
Israelismus,,israelisch,ADJ.,3,11223,1,1.0
Israelismus,,Israelik,NN,0,0,0,
Syllogismus,,syllog,ADJ.,28,0,0,
Syllogismus,,Syllogik,NN,28,0,0,
Sikhismus,,sikh,ADJ.,81,0,0,
Sikhismus,,sikhisch,ADJ.,81,0,0,
Parallelismus,,parallel,ADJ.,47,20003,1,1.0
Parallelismus,,parallelisch,ADJ.,47,0,0,
Parallelismus,,Parallelik,NN,47,0,0,
Transvestitismus,,transvestit,ADJ.,6,0,0,
Transvestitismus,,transvestitisch,ADJ.,6,14,1,1.0
Transvestitismus,,Transvestitik,NN,6,0,0,
Petrarkismus,,petrark,ADJ.,3,0,0,
Petrarkismus,,petrarkisch,ADJ.,3,0,0,
Defaitismus,,defait,ADJ.,8,0,0,
Defaitismus,,defaitisch,ADJ.,8,0,0,
Metakonfuzianismus,,metakonfuzian,ADJ.,0,0,0,
Metakonfuzianismus,,metakonfuzianisch,ADJ.,0,0,0,
Monopolismus,,monopol,ADJ.,12,0,0,
Monopolismus,,monopolisch,ADJ.,12,0,0,
Metamagnetismus,,metamagnet,ADJ.,0,0,0,
Metamagnetismus,,metamagnetisch,ADJ.,0,1,1,
Spinozismus,,spinoz,ADJ.,11,0,0,
Spinozismus,,spinozisch,ADJ.,11,0,0,
Sophismus,,soph,ADJ.,25,0,0,
Sophismus,,Sophik,NN,25,0,0,
Eskapismus,,eskap,ADJ.,66,0,0,
Eskapismus,,Eskapik,NN,66,0,0,
Jesuitismus,,jesuit,ADJ.,9,0,0,
Jesuitismus,,jesuitisch,ADJ.,9,93,1,
Situationismus,,situation,ADJ.,5,0,0,
Situationismus,,situationisch,ADJ.,5,1,1,
Schintoismus,,schinto,ADJ.,7,0,0,
Schintoismus,,schintoisch,ADJ.,7,0,0,
Panpsychismus,,panpsych,ADJ.,13,0,0,
Panpsychismus,,panpsychisch,ADJ.,13,1,1,
Mongolismus,,mongol,ADJ.,16,0,0,
Mongolismus,,mongolisch,ADJ.,16,815,1,1.0
Mongolismus,,Mongolik,NN,16,0,0,
Linksfaschismus,,linksfasch,ADJ.,10,0,0,
Linksfaschismus,,Linksfaschik,NN,10,0,0,
Essayismus,,essay,ADJ.,9,0,0,
Essayismus,,essayisch,ADJ.,9,0,0,
Naturismus,,natur,ADJ.,16,0,0,
Naturismus,,naturisch,ADJ.,16,0,0,
Heterismus,,heter,ADJ.,0,0,0,
Heterismus,,Heterik,NN,0,0,0,
Immunismus,,immun,ADJ.,0,1170,1,1.0
Immunismus,,immunisch,ADJ.,0,0,0,
Immunismus,,Immunik,NN,0,0,0,
Grafismus,,graf,ADJ.,0,0,0,
Grafismus,,grafisch,ADJ.,0,7100,1,
Grafismus,,Grafik,NN,0,24491,1,1.0
Simulationismus,,simulation,ADJ.,0,0,0,
Simulationismus,,simulationisch,ADJ.,0,0,0,
Negativismus,,negativ,ADJ.,15,42049,1,1.0
Negativismus,,negativisch,ADJ.,15,0,0,
Negativismus,,Negativik,NN,15,0,0,
Maskulinismus,,maskulin,ADJ.,9,644,1,1.0
Maskulinismus,,maskulinisch,ADJ.,9,0,0,
Maskulinismus,,Maskulinik,NN,9,0,0,
Phytismus,,phyt,ADJ.,0,0,0,
Phytismus,,phytisch,ADJ.,0,0,0,
Phytismus,,Phytik,NN,0,0,0,
Antimodernismus,,antimodernisch,ADJ.,17,0,0,
Antimodernismus,,Antimodernik,NN,17,0,0,
Biertourismus,,biertour,ADJ.,1,0,0,
Biertourismus,,biertourisch,ADJ.,1,0,0,
Feuilletonismus,,feuilleton,ADJ.,1,0,0,
Feuilletonismus,,feuilletonisch,ADJ.,1,0,0,
Physiologismus,,physiolog,ADJ.,0,0,0,
Physiologismus,,physiologisch,ADJ.,0,2633,1,1.0
Physiologismus,,Physiologik,NN,0,0,0,
Isomorphismus,,isomorph,ADJ.,14,43,1,1.0
Isomorphismus,,isomorphisch,ADJ.,14,1,1,
Isomorphismus,,Isomorphik,NN,14,0,0,
Trotzkismus,,trotzk,ADJ.,19,0,0,
Trotzkismus,,trotzkisch,ADJ.,19,0,0,
Bonapartismus,,bonapart,ADJ.,22,24,1,
Bonapartismus,,bonapartisch,ADJ.,22,0,0,
Interventionismus,,intervention,ADJ.,66,0,0,
Interventionismus,,interventionisch,ADJ.,66,1,1,
Pauperismus,,pauper,ADJ.,35,0,0,
Pauperismus,,pauperisch,ADJ.,35,0,0,
Gaullismus,,gaull,ADJ.,2,0,0,
Gaullismus,,gaullisch,ADJ.,2,0,0,
Polymorphismus,,polymorph,ADJ.,53,126,1,1.0
Polymorphismus,,polymorphisch,ADJ.,53,1,1,
Polymorphismus,,Polymorphik,NN,53,0,0,
Skitourismus,,skitour,ADJ.,13,0,0,
Skitourismus,,skitourisch,ADJ.,13,0,0,
Antimarxismus,,antimarx,ADJ.,2,0,0,
Antimarxismus,,antimarxisch,ADJ.,2,0,0,
Archaismus,,archa,ADJ.,21,0,0,
Archaismus,,archaisch,ADJ.,21,1385,1,1.0
Archaismus,,Archaik,NN,21,33,1,
Privatismus,,privat,ADJ.,4,83564,1,1.0
Privatismus,,privatisch,ADJ.,4,0,0,
Privatismus,,Privatik,NN,4,0,0,
Psychismus,,psych,ADJ.,4,0,0,
Psychismus,,psychisch,ADJ.,17,18581,1,1.0
Psychismus,,Psychik,NN,4,0,0,
Soziologismus,,soziolog,ADJ.,3,0,0,
Soziologismus,,soziologisch,ADJ.,3,2233,1,1.0
Soziologismus,,Soziologik,NN,3,0,0,
Synergismus,,synerg,ADJ.,26,0,0,
Synergismus,,synergisch,ADJ.,26,0,0,
Synergismus,,Synergik,NN,26,0,0,
Panoptismus,,panopt,ADJ.,3,0,0,
Panoptismus,,panoptisch,ADJ.,3,15,1,1.0
Panoptismus,,Panoptik,NN,3,0,0,
Antikonformismus,,antikonformisch,ADJ.,0,0,0,
Antikonformismus,,Antikonformik,NN,0,0,0,
Instruktivismus,,instruktiv,ADJ.,3,230,1,1.0
Instruktivismus,,instruktivisch,ADJ.,3,0,0,
Instruktivismus,,Instruktivik,NN,3,0,0,
Neukantianismus,,neukantian,ADJ.,47,0,0,
Neukantianismus,,neukantianisch,ADJ.,47,13,1,1.0
Neukantianismus,,Neukantianik,NN,47,0,0,
Epikureismus,,epikure,ADJ.,32,0,0,
Epikureismus,,epikureisch,ADJ.,32,67,1,1.0
Epikureismus,,Epikureik,NN,32,0,0,
Antimonarchismus,,antimonarch,ADJ.,0,0,0,
Antimonarchismus,,Antimonarchik,NN,0,0,0,
Nachfaschismus,,nachfasch,ADJ.,0,0,0,
Nachfaschismus,,Nachfaschik,NN,0,0,0,
Preismechanismus,,preismechan,ADJ.,47,0,0,
Preismechanismus,,Preismechanik,NN,47,0,0,
Antiisraelismus,,antiisrael,ADJ.,3,0,0,
Antiisraelismus,,antiisraelisch,ADJ.,3,99,1,
Idiotismus,,idiot,ADJ.,15,0,0,
Idiotismus,,idiotisch,ADJ.,15,829,1,
Kleinorganismus,,kleinorgan,ADJ.,6,0,0,
Kleinorganismus,,Kleinorganik,NN,6,0,0,
Folklorismus,,folklor,ADJ.,7,0,0,
Folklorismus,,folklorisch,ADJ.,7,9,1,
Physiokratismus,,physiokrat,ADJ.,2,0,0,
Physiokratismus,,physiokratisch,ADJ.,2,5,1,1.0
Physiokratismus,,Physiokratik,NN,2,0,0,
Revanchismus,,revanch,ADJ.,53,0,0,
Revanchismus,,revanchisch,ADJ.,53,0,0,
Divisionismus,,division,ADJ.,5,0,0,
Divisionismus,,divisionisch,ADJ.,5,0,0,
Verismus,,ver,ADJ.,21,0,0,
Verismus,,Verik,NN,21,0,0,
Monarchismus,,monarch,ADJ.,7,0,0,
Monarchismus,,monarchisch,ADJ.,7,196,1,1.0
Monarchismus,,Monarchik,NN,7,0,0,
Monolithismus,,monolith,ADJ.,0,0,0,
Monolithismus,,monolithisch,ADJ.,0,303,1,1.0
Monolithismus,,Monolithik,NN,0,0,0,
Antisexismus,,antisex,ADJ.,23,0,0,
Antisexismus,,antisexisch,ADJ.,23,0,0,
Journalistismus,,journalist,ADJ.,0,0,0,
Journalistismus,,journalistisch,ADJ.,0,3874,1,
Intersubjektivismus,,intersubjektiv,ADJ.,0,232,1,1.0
Intersubjektivismus,,intersubjektivisch,ADJ.,0,0,0,
Intersubjektivismus,,Intersubjektivik,NN,0,0,0,
Lyrismus,,lyr,ADJ.,11,0,0,
Lyrismus,,lyrisch,ADJ.,11,2812,1,
Lyrismus,,Lyrik,NN,11,3401,1,1.0
Hyperaktionismus,,hyperaktion,ADJ.,0,0,0,
Hyperaktionismus,,hyperaktionisch,ADJ.,0,0,0,
Federmechanismus,,federmechan,ADJ.,28,0,0,
Federmechanismus,,federmechanisch,ADJ.,28,0,0,
Panafrikanismus,,panafrikan,ADJ.,9,0,0,
Panafrikanismus,,panafrikanisch,ADJ.,9,34,1,1.0
Panafrikanismus,,Panafrikanik,NN,9,0,0,
Ismen,,isch,ADJ.,0,0,0,
Ismen,,ik,NN,0,0,0,
